Site,Date,Month,Season,Turbidity,Temp,DO,SPC,pH,H,Cl,Prev_rain_cm,Rain_cm,E_coli_MPN,Total_Coliforms,Prev_date,Prev_site,Date_dif,Site_dif,Flow_min,Flow_mean,Flow_max,Max_Min,Flow_day,Km,Developed_LMH,Developed_Open,Developed_Low,Developed_Medium,Developed_High,Developed_Total,,,Site_Name,Coordinates,Mean,Median,Min,Max,Percent_Exceedance,,Site_Name,Turb_mean,Temp_mean,DO_mean,SPC_mean,pH_mean,,lat,lon
Ranch Bar,2019.11.06,November,Non-rec,7.8425,9,13.72,438.2,7.6,2.51E-08,,0,1.0922,10,1039,,,,,223,695,3880,3657,225,29,0.3,5.51,0.24,0.06,0.03,5.84,,,Ranch Bar,"39.975796, -80.630572",191.625,52,0,1296,16,,Ranch Bar,23.01066667,10.35666667,11.98466667,385.6616667,7.703793103,,39.975796,-80.630572
Cricket Hollow,2019.11.06,November,Non-rec,7.2475,8.8,12.7,444.5,7.72,1.91E-08,,0,1.0922,20,1014,,10,,10,223,695,3880,3657,225,25.4,0.31,5.55,0.25,0.06,0.03,5.89,,,Cricket Hollow,"39.984494, -80.634026",143.075,41,9.5,960,15.4,,Cricket Hollow,22.67688333,10.33,12.17833333,392.3333333,7.806896552,,39.984494,-80.634026
Grandstaff Run,2019.11.06,November,Non-rec,25.525,9.9,11.82,325.5,7.77,1.70E-08,,0,1.0922,110,2046,,20,,90,223,695,3880,3657,225,19.5,0.31,5.54,0.25,0.06,0.03,5.88,,,Grandstaff Run,"40.008344, -80.637940",137.4,57.5,10,910,15.4,,Grandstaff Run,16.38366667,10.49,12.02233333,347.14,7.909655172,,40.008344,-80.63794
Britt's Run,2019.11.06,November,Non-rec,17.375,8.6,13.19,429.8,7.96,1.10E-08,,0,1.0922,73,1421,,110,,-37,223,695,3880,3657,225,17.5,0.32,5.56,0.26,0.06,0.03,5.91,,,Britt's Run,"40.018764, -80.652944",169.45,57.5,9.5,1439,11.5,,Britt's Run,23.50983333,10.63333333,11.585,380.2766667,7.949655172,,40.018764,-80.652944
County Line Bridge,2019.11.06,November,Non-rec,7.7575,8.6,13.58,428.8,8.02,9.55E-09,,0,1.0922,20,1553,,73,,-53,223,695,3880,3657,225,15.3,0.4,5.61,0.33,0.07,0.03,6.04,,,County Line Bridge,"40.027056, -80.652752",133.375,57.5,9.5,1046,11.5,,County Line Bridge,22.57066667,10.86,12.252,380.16,8.032758621,,40.027056,-80.652752
Elm Grove Park,2019.11.06,November,Non-rec,7.6575,9.1,12.84,429,8.15,7.08E-09,,0,1.0922,146,2481,,20,,126,223,695,3880,3657,225,12.9,0.64,5.76,0.49,0.15,0.05,6.45,,,Elm Grove Park,"40.041344, -80.661545",218.15,103.5,9.5,1145,42.3,,Elm Grove Park,23.75516667,10.86666667,11.986,380.98,8.051724138,,40.041344,-80.661545
Junior Ave,2019.11.06,November,Non-rec,8.7375,9.1,13.09,433.5,8.12,7.59E-09,,0,1.0922,161,1674,,146,,15,223,695,3880,3657,225,12.4,1.3,6.24,0.85,0.45,0.19,7.73,,,Junior Ave,"40.044390, -80.660519",219.35,103,10,1565,42.3,,Junior Ave,24.04575,10.85333333,12.27,389.9666667,8.071034483,,40.04439,-80.660519
,,,,,,,,,,,,,,,,161,,-161,,,,,,8.3,1.68,6.48,1.08,0.6,0.22,8.38,,,Washington,"40.0706668, -80.6836592",4288.764706,683,108,48392,91,,Washington,26.0909,11.86,11.6328,380.2666667,8.026666667,,40.0706668,-80.6836592
Kroger,2019.11.06,November,Non-rec,8.895,8.5,11.48,467.8,8.07,8.51E-09,,0,1.0922,373,3968,,,,373,223,695,3880,3657,225,6.28,1.88,6.53,1.18,0.7,0.24,8.65,,,Kroger,"40.074785, -80.698196",2939.95,376,20,48392,77,,Kroger,30.09775,10.73,11.336,404.1866667,8.095862069,,40.074785,-80.698196
,,,,,,,,,,,,,,,,373,,-373,,,,,,5.32,2.15,7.13,1.38,0.77,0.25,9.53,,,Fulton,"40.074640, -80.708137",3022.052632,336,75,48392,60,,Fulton,39.6375,10.76896552,11.47862069,415.4068966,8.095,,40.07464,-80.708137
Tunnel Green,2019.11.06,November,Non-rec,6.825,8.4,11.22,487.8,8.04,9.12E-09,,0,1.0922,345,5172,,,,345,223,695,3880,3657,225,2.55,2.24,7.17,1.43,0.81,0.28,9.69,,,Tunnel Green,"40.070978, -80.709708",2014.263158,457,31,28272,72,,Tunnel Green,22.54241379,10.60689655,11.23344828,423.5482759,8.079285714,,40.070978,-80.709708
Mouth,2019.11.06,November,Non-rec,10.1975,7.8,11.79,491.4,7.96,1.10E-08,,0,1.0922,428,8164,,345,,83,223,695,3880,3657,225,0,2.32,7.19,1.46,0.86,0.34,9.85,,,Mouth,"40.063312, -80.725057",780.1,480.5,31,4764,57.7,,Mouth,33.74741667,10.42666667,10.916,405.8833333,7.986551724,,40.063312,-80.725057
Ranch Bar,2019.11.13,November,Non-rec,9.1625,3.3,17.78,452.5,7.81,1.55E-08,,0,0,,,,428,,-428,186,344,591,405,252,29,0.3,5.51,0.24,0.06,0.03,5.84,,,,,,,,,,,,,,,,,,,
Cricket Hollow,2019.11.13,November,Non-rec,6.155,3.1,16.72,460,7.88,1.32E-08,,0,0,,,,,,,186,344,591,405,252,25.4,0.31,5.55,0.25,0.06,0.03,5.89,,,,,,,,,,,,,,,,,,,
Grandstaff Run,2019.11.13,November,Non-rec,10.825,5.6,15.43,370.5,8.04,9.12E-09,,0,0,,,,,,,186,344,591,405,252,19.5,0.31,5.54,0.25,0.06,0.03,5.88,,,,,,,,,,,,,,,,,,,
Britt's Run,2019.11.13,November,Non-rec,4.9775,3.8,16.23,441.1,8.13,7.41E-09,,0,0,,,,,,,186,344,591,405,252,17.5,0.32,5.56,0.26,0.06,0.03,5.91,,,,,,,,,,,,,,,,,,,
County Line Bridge,2019.11.13,November,Non-rec,5.68,3,17.17,444.9,8.18,6.61E-09,,0,0,,,,,,,186,344,591,405,252,15.3,0.4,5.61,0.33,0.07,0.03,6.04,,,,,,,,,,,,,,,,,,,
Elm Grove Park,2019.11.13,November,Non-rec,6.3875,3.3,17.05,446.6,8.25,5.62E-09,,0,0,,,,,,,186,344,591,405,252,12.9,0.64,5.76,0.49,0.15,0.05,6.45,,,,,,,,,,,,,,,,,,,
Junior Ave,2019.11.13,November,Non-rec,6.035,3.2,17.1,448.6,8.32,4.79E-09,,0,0,,,,,,,186,344,591,405,252,12.4,1.3,6.24,0.85,0.45,0.19,7.73,,,,,,,,,,,,,,,,,,,
,,,,,,,,,,,,,,,,,,,,,,,,8.3,1.68,6.48,1.08,0.6,0.22,8.38,,,,,,,,,,,,,,,,,,,
Kroger,2019.11.13,November,Non-rec,18.225,3,15.84,479.4,8.21,6.17E-09,,0,0,,,,,,,186,344,591,405,252,6.28,1.88,6.53,1.18,0.7,0.24,8.65,,,,,,,,,,,,,,,,,,,
Fulton,2019.11.13,November,Non-rec,7.65,2.9,10.11,490.2,8.2,6.31E-09,,0,0,,,,,,,186,344,591,405,252,5.32,2.15,7.13,1.38,0.77,0.25,9.53,,,,,,,,,,,,,,,,,,,
Tunnel Green,2019.11.13,November,Non-rec,4.97,2.9,16.37,490.9,8.16,6.92E-09,,0,0,,,,,,,186,344,591,405,252,2.55,2.24,7.17,1.43,0.81,0.28,9.69,,,,,,,,,,,,,,,,,,,
Mouth,2019.11.13,November,Non-rec,19.5,2.5,16.77,490.4,8.13,7.41E-09,,0,0,,,,,,,186,344,591,405,252,0,2.32,7.19,1.46,0.86,0.34,9.85,,,,,,,,,,,,,,,,,,,
Ranch Bar,2019.11.20,November,Non-rec,4.125,5.9,17.55,313.95,7.84,1.45E-08,,0,0.00254,9.5,185,10,,-0.5,9.5,139,171,223,84,141,29,0.3,5.51,0.24,0.06,0.03,5.84,,,,,,,,,,,,,,,,,,,
Cricket Hollow,2019.11.20,November,Non-rec,3.1675,5.7,17.18,482.9,8.16,6.92E-09,,0,0.00254,10,305,20,9.5,-10,0.5,139,171,223,84,141,25.4,0.31,5.55,0.25,0.06,0.03,5.89,,,,,,,,,,,,,,,,,,,
Grandstaff Run,2019.11.20,November,Non-rec,7.3325,5.5,14.6,357,8.08,8.32E-09,,0,0.00254,10,169,110,10,-100,0,139,171,223,84,141,19.5,0.31,5.54,0.25,0.06,0.03,5.88,,,,,,,,,,,,,,,,,,,
Britt's Run,2019.11.20,November,Non-rec,3.5625,6.2,14.15,457.3,8.18,6.61E-09,,0,0.00254,31,605,73,10,-42,21,139,171,223,84,141,17.5,0.32,5.56,0.26,0.06,0.03,5.91,,,,,,,,,,,,,,,,,,,
County Line Bridge,2019.11.20,November,Non-rec,3.68,5.8,16.16,471.6,8.37,4.27E-09,,0,0.00254,10,414,20,31,-10,-21,139,171,223,84,141,15.3,0.4,5.61,0.33,0.07,0.03,6.04,,,,,,,,,,,,,,,,,,,
Elm Grove Park,2019.11.20,November,Non-rec,5.7075,5.9,13.57,474,8.44,3.63E-09,,0,0.00254,84,860,146,10,-62,74,139,171,223,84,141,12.9,0.64,5.76,0.49,0.15,0.05,6.45,,,,,,,,,,,,,,,,,,,
Junior Ave,2019.11.20,November,Non-rec,3.795,5.8,16.04,477.8,8.44,3.63E-09,,0,0.00254,108,1112,161,84,-53,24,139,171,223,84,141,12.4,1.3,6.24,0.85,0.45,0.19,7.73,,,,,,,,,,,,,,,,,,,
,,,,,,,,,,,,,,,,108,0,-108,,,,,,8.3,1.68,6.48,1.08,0.6,0.22,8.38,,,,,,,,,,,,,,,,,,,
Kroger,2019.11.20,November,Non-rec,6.5275,5.7,14.07,507.3,8.31,4.90E-09,,0,0.00254,1178,7329,373,,805,1178,139,171,223,84,141,6.28,1.88,6.53,1.18,0.7,0.24,8.65,,,,,,,,,,,,,,,,,,,
Fulton,2019.11.20,November,Non-rec,3.7675,5.8,14.27,521.5,8.25,5.62E-09,,0,0.00254,399,3448,,1178,399,-779,139,171,223,84,141,5.32,2.15,7.13,1.38,0.77,0.25,9.53,,,,,,,,,,,,,,,,,,,
Tunnel Green,2019.11.20,November,Non-rec,30.1,5.8,12.7,525.4,8.2,6.31E-09,,0,0.00254,798,6867,345,399,453,399,139,171,223,84,141,2.55,2.24,7.17,1.43,0.81,0.28,9.69,,,,,,,,,,,,,,,,,,,
Mouth,2019.11.20,November,Non-rec,6.5875,5.3,11.28,530.6,7.99,1.02E-08,,0,0.00254,373,5172,428,798,-55,-425,139,171,223,84,141,0,2.32,7.19,1.46,0.86,0.34,9.85,,,,,,,,,,,,,,,,,,,
Ranch Bar,2019.11.27,November,Non-rec,9.515,6,15.19,437.6,7.74,1.82E-08,,0.254,0,,,,373,,-373,118,345,717,599,385,29,0.3,5.51,0.24,0.06,0.03,5.84,,,,,,,,,,,,,,,,,,,
Cricket Hollow,2019.11.27,November,Non-rec,8.5,5.6,14.2,437.8,7.75,1.78E-08,,0.254,0,,,,,,,118,345,717,599,385,25.4,0.31,5.55,0.25,0.06,0.03,5.89,,,,,,,,,,,,,,,,,,,
Grandstaff Run,2019.11.27,November,Non-rec,11.625,5.6,13.78,366.4,7.86,1.38E-08,,0.254,0,,,,,,,118,345,717,599,385,19.5,0.31,5.54,0.25,0.06,0.03,5.88,,,,,,,,,,,,,,,,,,,
Britt's Run,2019.11.27,November,Non-rec,9.465,5.8,13.52,431,7.96,1.10E-08,,0.254,0,,,,,,,118,345,717,599,385,17.5,0.32,5.56,0.26,0.06,0.03,5.91,,,,,,,,,,,,,,,,,,,
County Line Bridge,2019.11.27,November,Non-rec,9.245,5.7,14.43,433.6,8.1,7.94E-09,,0.254,0,,,,,,,118,345,717,599,385,15.3,0.4,5.61,0.33,0.07,0.03,6.04,,,,,,,,,,,,,,,,,,,
Elm Grove Park,2019.11.27,November,Non-rec,9.2175,5.9,14.02,435.5,8.14,7.24E-09,,0.254,0,,,,,,,118,345,717,599,385,12.9,0.64,5.76,0.49,0.15,0.05,6.45,,,,,,,,,,,,,,,,,,,
Junior Ave,2019.11.27,November,Non-rec,9.5875,5.8,14.03,437.7,8.18,6.61E-09,,0.254,0,,,,,,,118,345,717,599,385,12.4,1.3,6.24,0.85,0.45,0.19,7.73,,,,,,,,,,,,,,,,,,,
,,,,,,,,,,,,,,,,,,,,,,,,8.3,1.68,6.48,1.08,0.6,0.22,8.38,,,,,,,,,,,,,,,,,,,
Kroger,2019.11.27,November,Non-rec,31.55,6.1,13.36,443.3,8.24,5.75E-09,,0.254,0,,,,,,,118,345,717,599,385,6.28,1.88,6.53,1.18,0.7,0.24,8.65,,,,,,,,,,,,,,,,,,,
Fulton,2019.11.27,November,Non-rec,9.9325,6.2,13.32,455.1,8.21,6.17E-09,,0.254,0,,,,,,,118,345,717,599,385,5.32,2.15,7.13,1.38,0.77,0.25,9.53,,,,,,,,,,,,,,,,,,,
Tunnel Green,2019.11.27,November,Non-rec,11.4,6.2,12.84,454.5,8.23,5.89E-09,,0.254,0,,,,,,,118,345,717,599,385,2.55,2.24,7.17,1.43,0.81,0.28,9.69,,,,,,,,,,,,,,,,,,,
Mouth,2019.11.27,November,Non-rec,10.845,5.6,13.53,450,8.15,7.08E-09,,0.254,0,,,,,,,118,345,717,599,385,0,2.32,7.19,1.46,0.86,0.34,9.85,,,,,,,,,,,,,,,,,,,
Ranch Bar,2019.12.04,December,Non-rec,6.3475,4.6,14.1,429,7.52,3.02E-08,,0.00254,0.00254,52,749,9.5,,42.5,52,234,353,537,303,407,29,0.3,5.51,0.24,0.06,0.03,5.84,,,,,,,,,,,,,,,,,,,
Cricket Hollow,2019.12.04,December,Non-rec,5.6625,4.5,14.37,428.8,8,0.00000001,,0.00254,0.00254,63,594,10,52,53,11,234,353,537,303,407,25.4,0.31,5.55,0.25,0.06,0.03,5.89,,,,,,,,,,,,,,,,,,,
Grandstaff Run,2019.12.04,December,Non-rec,7.475,4.6,13.68,404.1,8.01,9.77E-09,,0.00254,0.00254,63,594,10,63,53,0,234,353,537,303,407,19.5,0.31,5.54,0.25,0.06,0.03,5.88,,,,,,,,,,,,,,,,,,,
Britt's Run,2019.12.04,December,Non-rec,6.115,4.5,13.92,430.1,8.1,7.94E-09,,0.00254,0.00254,9.5,771,31,63,-21.5,-53.5,234,353,537,303,407,17.5,0.32,5.56,0.26,0.06,0.03,5.91,,,,,,,,,,,,,,,,,,,
County Line Bridge,2019.12.04,December,Non-rec,6.15,4.4,13.79,430.3,8.16,6.92E-09,,0.00254,0.00254,20,602,10,9.5,10,10.5,234,353,537,303,407,15.3,0.4,5.61,0.33,0.07,0.03,6.04,,,,,,,,,,,,,,,,,,,
Elm Grove Park,2019.12.04,December,Non-rec,5.63,4.5,12.24,429.7,8.2,6.31E-09,,0.00254,0.00254,52,1187,84,20,-32,32,234,353,537,303,407,12.9,0.64,5.76,0.49,0.15,0.05,6.45,,,,,,,,,,,,,,,,,,,
Junior Ave,2019.12.04,December,Non-rec,6.1825,4.4,13.83,436.1,8.2,6.31E-09,,0.00254,0.00254,52,573,108,52,-56,0,234,353,537,303,407,12.4,1.3,6.24,0.85,0.45,0.19,7.73,,,,,,,,,,,,,,,,,,,
,,,,,,,,,,,,,,,,52,0,-52,,,,,,8.3,1.68,6.48,1.08,0.6,0.22,8.38,,,,,,,,,,,,,,,,,,,
Kroger,2019.12.04,December,Non-rec,30.125,4.4,12.86,453.4,8.24,5.75E-09,,0.00254,0.00254,443,3654,1178,,-735,443,234,353,537,303,407,6.28,1.88,6.53,1.18,0.7,0.24,8.65,,,,,,,,,,,,,,,,,,,
Fulton,2019.12.04,December,Non-rec,6.085,4.4,13.11,471.5,8.2,6.31E-09,,0.00254,0.00254,331,2613,399,443,-68,-112,234,353,537,303,407,5.32,2.15,7.13,1.38,0.77,0.25,9.53,,,,,,,,,,,,,,,,,,,
Tunnel Green,2019.12.04,December,Non-rec,7.175,4.4,13.07,465.1,8.23,5.89E-09,,0.00254,0.00254,175,2046,798,331,-623,-156,234,353,537,303,407,2.55,2.24,7.17,1.43,0.81,0.28,9.69,,,,,,,,,,,,,,,,,,,
Mouth,2019.12.04,December,Non-rec,8.3125,4.3,12.73,468.5,8.16,6.92E-09,,0.00254,0.00254,556,2851,373,175,183,381,234,353,537,303,407,0,2.32,7.19,1.46,0.86,0.34,9.85,,,,,,,,,,,,,,,,,,,
Ranch Bar,2019.12.12,December,Non-rec,28.75,3.4,12.65,338.8,7.15,7.08E-08,,0,0.0254,,,,556,,-556,212,736,2000,1788,1033,29,0.3,5.51,0.24,0.06,0.03,5.84,,,,,,,,,,,,,,,,,,,
Cricket Hollow,2019.12.12,December,Non-rec,25.95,3.4,13.48,340.9,7.47,3.39E-08,,0,0.0254,,,,,,,212,736,2000,1788,1033,25.4,0.31,5.55,0.25,0.06,0.03,5.89,,,,,,,,,,,,,,,,,,,
Grandstaff Run,2019.12.12,December,Non-rec,20.525,4.1,13.52,317.6,7.63,2.34E-08,,0,0.0254,,,,,,,212,736,2000,1788,1033,19.5,0.31,5.54,0.25,0.06,0.03,5.88,,,,,,,,,,,,,,,,,,,
Britt's Run,2019.12.12,December,Non-rec,27.15,3.4,13.14,338.6,7.58,2.63E-08,,0,0.0254,,,,,,,212,736,2000,1788,1033,17.5,0.32,5.56,0.26,0.06,0.03,5.91,,,,,,,,,,,,,,,,,,,
County Line Bridge,2019.12.12,December,Non-rec,25.125,3.5,13.4,325.3,7.57,2.69E-08,,0,0.0254,,,,,,,212,736,2000,1788,1033,15.3,0.4,5.61,0.33,0.07,0.03,6.04,,,,,,,,,,,,,,,,,,,
Elm Grove Park,2019.12.12,December,Non-rec,27.65,3.6,13.33,332.7,7.61,2.45E-08,,0,0.0254,,,,,,,212,736,2000,1788,1033,12.9,0.64,5.76,0.49,0.15,0.05,6.45,,,,,,,,,,,,,,,,,,,
Junior Ave,2019.12.12,December,Non-rec,28.075,3.6,13.43,339.8,7.62,2.40E-08,,0,0.0254,,,,,,,212,736,2000,1788,1033,12.4,1.3,6.24,0.85,0.45,0.19,7.73,,,,,,,,,,,,,,,,,,,
Washington Ave,2019.12.12,December,Non-rec,24.8,3.5,13.17,360,7.66,2.19E-08,,0,0.0254,,,,,,,212,736,2000,1788,1033,8.3,1.68,6.48,1.08,0.6,0.22,8.38,,,,,,,,,,,,,,,,,,,
Kroger,2019.12.12,December,Non-rec,25.9,3.6,12.64,313.9,7.8,1.58E-08,,0,0.0254,,,,,,,212,736,2000,1788,1033,6.28,1.88,6.53,1.18,0.7,0.24,8.65,,,,,,,,,,,,,,,,,,,
Fulton,2019.12.12,December,Non-rec,25.3,3.5,13.47,373.5,7.76,1.74E-08,,0,0.0254,,,,,,,212,736,2000,1788,1033,5.32,2.15,7.13,1.38,0.77,0.25,9.53,,,,,,,,,,,,,,,,,,,
Tunnel Green,2019.12.12,December,Non-rec,27.225,3.2,11.97,367.5,7.72,1.91E-08,,0,0.0254,,,,,,,212,736,2000,1788,1033,2.55,2.24,7.17,1.43,0.81,0.28,9.69,,,,,,,,,,,,,,,,,,,
Mouth,2019.12.12,December,Non-rec,25.15,2.8,13.05,369.5,7.66,2.19E-08,,0,0.0254,,,,,,,212,736,2000,1788,1033,0,2.32,7.19,1.46,0.86,0.34,9.85,,,,,,,,,,,,,,,,,,,
Ranch Bar,2019.12.17,December,Non-rec,194.25,4.7,12.63,279.3,7.26,5.50E-08,,0.3556,0.00254,1223,24196,52,,1171,1223,619,1087,1840,1221,1277,29,0.3,5.51,0.24,0.06,0.03,5.84,,,,,,,,,,,,,,,,,,,
Cricket Hollow,2019.12.17,December,Non-rec,206.25,4.7,12.14,293.3,7.49,3.24E-08,,0.3556,0.00254,712,17329,63,1223,649,-511,619,1087,1840,1221,1277,25.4,0.31,5.55,0.25,0.06,0.03,5.89,,,,,,,,,,,,,,,,,,,
Grandstaff Run,2019.12.17,December,Non-rec,36.7,4.2,12.86,302.2,7.5,3.16E-08,,0.3556,0.00254,301,15531,63,712,238,-411,619,1087,1840,1221,1277,19.5,0.31,5.54,0.25,0.06,0.03,5.88,,,,,,,,,,,,,,,,,,,
Britt's Run,2019.12.17,December,Non-rec,189.75,4.6,12.07,315.2,7.51,3.09E-08,,0.3556,0.00254,504,14136,9.5,301,494.5,203,619,1087,1840,1221,1277,17.5,0.32,5.56,0.26,0.06,0.03,5.91,,,,,,,,,,,,,,,,,,,
County Line Bridge,2019.12.17,December,Non-rec,165.5,4.6,11.69,318.6,7.59,2.57E-08,,0.3556,0.00254,367,11199,20,504,347,-137,619,1087,1840,1221,1277,15.3,0.4,5.61,0.33,0.07,0.03,6.04,,,,,,,,,,,,,,,,,,,
Elm Grove Park,2019.12.17,December,Non-rec,186.25,4.6,12.01,320.6,7.84,1.45E-08,,0.3556,0.00254,452,12033,52,367,400,85,619,1087,1840,1221,1277,12.9,0.64,5.76,0.49,0.15,0.05,6.45,,,,,,,,,,,,,,,,,,,
Junior Ave,2019.12.17,December,Non-rec,203.25,4.5,11.66,319.8,7.66,2.19E-08,,0.3556,0.00254,537,19863,52,452,485,85,619,1087,1840,1221,1277,12.4,1.3,6.24,0.85,0.45,0.19,7.73,,,,,,,,,,,,,,,,,,,
Washington Ave,2019.12.17,December,Non-rec,171.75,4.6,11.83,332,7.69,2.04E-08,,0.3556,0.00254,573,17329,,537,573,36,619,1087,1840,1221,1277,8.3,1.68,6.48,1.08,0.6,0.22,8.38,,,,,,,,,,,,,,,,,,,
Kroger,2019.12.17,December,Non-rec,179.25,4.6,11.4,295.3,7.75,1.78E-08,,0.3556,0.00254,379,14136,443,573,-64,-194,619,1087,1840,1221,1277,6.28,1.88,6.53,1.18,0.7,0.24,8.65,,,,,,,,,,,,,,,,,,,
Fulton,2019.12.17,December,Non-rec,197.25,4.5,12.34,344.5,7.71,1.95E-08,,0.3556,0.00254,771,14136,331,379,440,392,619,1087,1840,1221,1277,5.32,2.15,7.13,1.38,0.77,0.25,9.53,,,,,,,,,,,,,,,,,,,
Tunnel Green,2019.12.17,December,Non-rec,152.5,4.6,12.38,343.2,7.66,2.19E-08,,0.3556,0.00254,712,14136,175,771,537,-59,619,1087,1840,1221,1277,2.55,2.24,7.17,1.43,0.81,0.28,9.69,,,,,,,,,,,,,,,,,,,
Mouth,2019.12.17,December,Non-rec,126,4.6,12.33,347.4,7.68,2.09E-08,,0.3556,0.00254,959,15531,556,712,403,247,619,1087,1840,1221,1277,0,2.32,7.19,1.46,0.86,0.34,9.85,,,,,,,,,,,,,,,,,,,
Ranch Bar,2020.01.08,January,Non-rec,9.145,3.4,14.72,400,7.48,3.31E-08,,0,0,63,776,1223,959,-1160,-896,461,1115,2140,1679,777,29,0.3,5.51,0.24,0.06,0.03,5.84,,,,,,,,,,,,,,,,,,,
Cricket Hollow,2020.01.08,January,Non-rec,8.48,3.5,14.31,399,7.41,3.89E-08,,0,0,41,906,712,63,-671,-22,461,1115,2140,1679,777,25.4,0.31,5.55,0.25,0.06,0.03,5.89,,,,,,,,,,,,,,,,,,,
Grandstaff Run,2020.01.08,January,Non-rec,10.95,4.2,14.66,310.2,7.7,2.00E-08,,0,0,52,663,301,41,-249,11,461,1115,2140,1679,777,19.5,0.31,5.54,0.25,0.06,0.03,5.88,,,,,,,,,,,,,,,,,,,
Britt's Run,2020.01.08,January,Non-rec,9.255,3.5,14.15,394.6,7.64,2.29E-08,,0,0,20,487,504,52,-484,-32,461,1115,2140,1679,777,17.5,0.32,5.56,0.26,0.06,0.03,5.91,,,,,,,,,,,,,,,,,,,
County Line Bridge,2020.01.08,January,Non-rec,9.53,3.5,14.29,392.7,7.73,1.86E-08,,0,0,75,563,367,20,-292,55,461,1115,2140,1679,777,15.3,0.4,5.61,0.33,0.07,0.03,6.04,,,,,,,,,,,,,,,,,,,
Elm Grove Park,2020.01.08,January,Non-rec,8.84,3.7,13.95,393,7.79,1.62E-08,,0,0,41,631,452,75,-411,-34,461,1115,2140,1679,777,12.9,0.64,5.76,0.49,0.15,0.05,6.45,,,,,,,,,,,,,,,,,,,
Junior Ave,2020.01.08,January,Non-rec,9.8425,3.6,14.29,396.7,7.8,1.58E-08,,0,0,20,583,537,41,-517,-21,461,1115,2140,1679,777,12.4,1.3,6.24,0.85,0.45,0.19,7.73,,,,,,,,,,,,,,,,,,,
Washington Ave,2020.01.08,January,Non-rec,9.325,3.5,14.11,405.7,7.83,1.48E-08,,0,0,657,1198,573,20,84,637,461,1115,2140,1679,777,8.3,1.68,6.48,1.08,0.6,0.22,8.38,,,,,,,,,,,,,,,,,,,
Kroger,2020.01.08,January,Non-rec,31,3.4,13.74,401.1,7.89,1.29E-08,,0,0,135,960,379,657,-244,-522,461,1115,2140,1679,777,6.28,1.88,6.53,1.18,0.7,0.24,8.65,,,,,,,,,,,,,,,,,,,
Fulton,2020.01.08,January,Non-rec,9.405,3.4,14.27,425.1,7.88,1.32E-08,,0,0,160,1223,771,135,-611,25,461,1115,2140,1679,777,5.32,2.15,7.13,1.38,0.77,0.25,9.53,,,,,,,,,,,,,,,,,,,
Tunnel Green,2020.01.08,January,Non-rec,10.37,3.3,13.97,419.2,7.94,1.15E-08,,0,0,259,2755,712,160,-453,99,461,1115,2140,1679,777,2.55,2.24,7.17,1.43,0.81,0.28,9.69,,,,,,,,,,,,,,,,,,,
Mouth,2020.01.08,January,Non-rec,10.3525,3.2,12.82,419.3,7.9,1.26E-08,,0,0,631,2319,959,259,-328,372,461,1115,2140,1679,777,0,2.32,7.19,1.46,0.86,0.34,9.85,,,,,,,,,,,,,,,,,,,
Ranch Bar,2020.01.14,January,Non-rec,7.85,6,13.13,403.9,7.53,2.95E-08,,0,0.00254,,,,631,,-631,445,553,779,334,509,29,0.3,5.51,0.24,0.06,0.03,5.84,,,,,,,,,,,,,,,,,,,
Cricket Hollow,2020.01.14,January,Non-rec,7.1025,6,13.43,404.8,7.63,2.34E-08,,0,0.00254,,,,,,,445,553,779,334,509,25.4,0.31,5.55,0.25,0.06,0.03,5.89,,,,,,,,,,,,,,,,,,,
Grandstaff Run,2020.01.14,January,Non-rec,6.485,5.9,13.93,337.2,7.93,1.17E-08,,0,0.00254,,,,,,,445,553,779,334,509,19.5,0.31,5.54,0.25,0.06,0.03,5.88,,,,,,,,,,,,,,,,,,,
Britt's Run,2020.01.14,January,Non-rec,7.685,6.1,13.14,402.3,7.9,1.26E-08,,0,0.00254,,,,,,,445,553,779,334,509,17.5,0.32,5.56,0.26,0.06,0.03,5.91,,,,,,,,,,,,,,,,,,,
County Line Bridge,2020.01.14,January,Non-rec,7.4525,6.1,13.35,403.9,8,0.00000001,,0,0.00254,,,,,,,445,553,779,334,509,15.3,0.4,5.61,0.33,0.07,0.03,6.04,,,,,,,,,,,,,,,,,,,
Elm Grove Park,2020.01.14,January,Non-rec,8.195,6.5,12.66,327.3,7.97,1.07E-08,,0,0.00254,,,,,,,445,553,779,334,509,12.9,0.64,5.76,0.49,0.15,0.05,6.45,,,,,,,,,,,,,,,,,,,
Junior Ave,2020.01.14,January,Non-rec,7.365,6.2,13.6,409,7.99,1.02E-08,,0,0.00254,,,,,,,445,553,779,334,509,12.4,1.3,6.24,0.85,0.45,0.19,7.73,,,,,,,,,,,,,,,,,,,
Washington Ave,2020.01.14,January,Non-rec,6.8375,6.3,13.27,,8.03,9.33E-09,,0,0.00254,,,,,,,445,553,779,334,509,8.3,1.68,6.48,1.08,0.6,0.22,8.38,,,,,,,,,,,,,,,,,,,
Kroger,2020.01.14,January,Non-rec,13.875,6.5,12.73,415.1,8.09,8.13E-09,,0,0.00254,,,,,,,445,553,779,334,509,6.28,1.88,6.53,1.18,0.7,0.24,8.65,,,,,,,,,,,,,,,,,,,
Fulton,2020.01.14,January,Non-rec,7.6825,6.4,13.38,439.4,8.06,8.71E-09,,0,0.00254,,,,,,,445,553,779,334,509,5.32,2.15,7.13,1.38,0.77,0.25,9.53,,,,,,,,,,,,,,,,,,,
Tunnel Green,2020.01.14,January,Non-rec,9.9925,6.2,12.19,434.7,8.01,9.77E-09,,0,0.00254,,,,,,,445,553,779,334,509,2.55,2.24,7.17,1.43,0.81,0.28,9.69,,,,,,,,,,,,,,,,,,,
Mouth,2020.01.14,January,Non-rec,13.095,5.8,11.28,449.3,7.96,1.10E-08,,0,0.00254,,,,,,,445,553,779,334,509,0,2.32,7.19,1.46,0.86,0.34,9.85,,,,,,,,,,,,,,,,,,,
Ranch Bar,2020.01.21,January,Non-rec,20.85,1.8,14.29,356.2,7.5,3.16E-08,,0.00254,0,134,3448,63,,71,134,321,902,2440,2119,1165,29,0.3,5.51,0.24,0.06,0.03,5.84,,,,,,,,,,,,,,,,,,,
Cricket Hollow,2020.01.21,January,Non-rec,15.375,1.8,14.58,345.9,7.55,2.82E-08,,0.00254,0,84,2613,41,134,43,-50,321,902,2440,2119,1165,25.4,0.31,5.55,0.25,0.06,0.03,5.89,,,,,,,,,,,,,,,,,,,
Grandstaff Run,2020.01.21,January,Non-rec,12.525,1.9,14.56,328.4,7.63,2.34E-08,,0.00254,0,122,2909,52,84,70,38,321,902,2440,2119,1165,19.5,0.31,5.54,0.25,0.06,0.03,5.88,,,,,,,,,,,,,,,,,,,
Britt's Run,2020.01.21,January,Non-rec,17.175,1.7,14.43,356.8,7.67,2.14E-08,,0.00254,0,96,2755,20,122,76,-26,321,902,2440,2119,1165,17.5,0.32,5.56,0.26,0.06,0.03,5.91,,,,,,,,,,,,,,,,,,,
County Line Bridge,2020.01.21,January,Non-rec,17.675,1.7,14.57,353.3,7.73,1.86E-08,,0.00254,0,86,3076,75,96,11,-10,321,902,2440,2119,1165,15.3,0.4,5.61,0.33,0.07,0.03,6.04,,,,,,,,,,,,,,,,,,,
Elm Grove Park,2020.01.21,January,Non-rec,17.8675,1.9,14.43,353.7,7.81,1.55E-08,,0.00254,0,122,2098,41,86,81,36,321,902,2440,2119,1165,12.9,0.64,5.76,0.49,0.15,0.05,6.45,,,,,,,,,,,,,,,,,,,
Junior Ave,2020.01.21,January,Non-rec,17.35,1.8,14.63,357,7.77,1.70E-08,,0.00254,0,98,2489,20,122,78,-24,321,902,2440,2119,1165,12.4,1.3,6.24,0.85,0.45,0.19,7.73,,,,,,,,,,,,,,,,,,,
Washington Ave,2020.01.21,January,Non-rec,15.775,1.8,14.66,360,7.86,1.38E-08,,0.00254,0,933,2755,657,98,276,835,321,902,2440,2119,1165,8.3,1.68,6.48,1.08,0.6,0.22,8.38,,,,,,,,,,,,,,,,,,,
Kroger,2020.01.21,January,Non-rec,37.975,1.9,13.8,368.3,7.96,1.10E-08,,0.00254,0,288,1918,135,933,153,-645,321,902,2440,2119,1165,6.28,1.88,6.53,1.18,0.7,0.24,8.65,,,,,,,,,,,,,,,,,,,
Fulton,2020.01.21,January,Non-rec,22.725,1.8,14.26,379.3,7.96,1.10E-08,,0.00254,0,86,2909,160,288,-74,-202,321,902,2440,2119,1165,5.32,2.15,7.13,1.38,0.77,0.25,9.53,,,,,,,,,,,,,,,,,,,
Tunnel Green,2020.01.21,January,Non-rec,17.675,1.6,14.29,371.3,7.88,1.32E-08,,0.00254,0,1014,5475,259,86,755,928,321,902,2440,2119,1165,2.55,2.24,7.17,1.43,0.81,0.28,9.69,,,,,,,,,,,,,,,,,,,
Mouth,2020.01.21,January,Non-rec,46.725,1.4,14.2,370.2,7.85,1.41E-08,,0.00254,0,432,4611,631,1014,-199,-582,321,902,2440,2119,1165,0,2.32,7.19,1.46,0.86,0.34,9.85,,,,,,,,,,,,,,,,,,,
Ranch Bar,2020.01.28,January,Non-rec,19.375,4.4,13.1,350.7,7.62,2.40E-08,,0.00254,0.00254,,,,432,,-432,327,1276,5430,5103,1251,29,0.3,5.51,0.24,0.06,0.03,5.84,,,,,,,,,,,,,,,,,,,
Cricket Hollow,2020.01.28,January,Non-rec,17.425,4.4,13.18,349.9,7.51,3.09E-08,,0.00254,0.00254,,,,,,,327,1276,5430,5103,1251,25.4,0.31,5.55,0.25,0.06,0.03,5.89,,,,,,,,,,,,,,,,,,,
Grandstaff Run,2020.01.28,January,Non-rec,48.3,4,13.35,282.2,7.61,2.45E-08,,0.00254,0.00254,,,,,,,327,1276,5430,5103,1251,19.5,0.31,5.54,0.25,0.06,0.03,5.88,,,,,,,,,,,,,,,,,,,
Britt's Run,2020.01.28,January,Non-rec,12.7,4.4,12.81,328.8,7.57,2.69E-08,,0.00254,0.00254,,,,,,,327,1276,5430,5103,1251,17.5,0.32,5.56,0.26,0.06,0.03,5.91,,,,,,,,,,,,,,,,,,,
County Line Bridge,2020.01.28,January,Non-rec,25.25,4.3,12.83,347.2,7.66,2.19E-08,,0.00254,0.00254,,,,,,,327,1276,5430,5103,1251,15.3,0.4,5.61,0.33,0.07,0.03,6.04,,,,,,,,,,,,,,,,,,,
Elm Grove Park,2020.01.28,January,Non-rec,23.925,4.3,12.83,347.2,7.66,2.19E-08,,0.00254,0.00254,,,,,,,327,1276,5430,5103,1251,12.9,0.64,5.76,0.49,0.15,0.05,6.45,,,,,,,,,,,,,,,,,,,
Junior Ave,2020.01.28,January,Non-rec,20.05,4.3,13,350.5,7.7,2.00E-08,,0.00254,0.00254,,,,,,,327,1276,5430,5103,1251,12.4,1.3,6.24,0.85,0.45,0.19,7.73,,,,,,,,,,,,,,,,,,,
Washington Ave,2020.01.28,January,Non-rec,19.825,4.3,13.05,280,7.74,1.82E-08,,0.00254,0.00254,,,,,,,327,1276,5430,5103,1251,8.3,1.68,6.48,1.08,0.6,0.22,8.38,,,,,,,,,,,,,,,,,,,
Kroger,2020.01.28,January,Non-rec,43.45,4.3,12.27,353.8,7.89,1.29E-08,,0.00254,0.00254,,,,,,,327,1276,5430,5103,1251,6.28,1.88,6.53,1.18,0.7,0.24,8.65,,,,,,,,,,,,,,,,,,,
Fulton,2020.01.28,January,Non-rec,34.85,4.3,12.33,377.5,7.88,1.32E-08,,0.00254,0.00254,,,,,,,327,1276,5430,5103,1251,5.32,2.15,7.13,1.38,0.77,0.25,9.53,,,,,,,,,,,,,,,,,,,
Tunnel Green,2020.01.28,January,Non-rec,22.45,4.2,12.35,369.5,7.77,1.70E-08,,0.00254,0.00254,,,,,,,327,1276,5430,5103,1251,2.55,2.24,7.17,1.43,0.81,0.28,9.69,,,,,,,,,,,,,,,,,,,
Mouth,2020.01.28,January,Non-rec,30.05,4.2,12.51,362.3,7.78,1.66E-08,,0.00254,0.00254,,,,,,,327,1276,5430,5103,1251,0,2.32,7.19,1.46,0.86,0.34,9.85,,,,,,,,,,,,,,,,,,,
Ranch Bar,2020.02.04,February,Non-rec,5.6,7.1,11.53,413.7,7.5,3.16E-08,,0,0.5588,0,457,134,,-134,,572,714,971,399,502,29,0.3,5.51,0.24,0.06,0.03,5.84,,,,,,,,,,,,,,,,,,,
Cricket Hollow,2020.02.04,February,Non-rec,5.5625,7.2,11.83,414.9,7.62,2.40E-08,,0,0.5588,10,521,84,0,-74,10,572,714,971,399,502,25.4,0.31,5.55,0.25,0.06,0.03,5.89,,,,,,,,,,,,,,,,,,,
Grandstaff Run,2020.02.04,February,Non-rec,20.875,6.1,11.77,360.6,7.73,1.86E-08,,0,0.5588,31,455,122,10,-91,21,572,714,971,399,502,19.5,0.31,5.54,0.25,0.06,0.03,5.88,,,,,,,,,,,,,,,,,,,
Britt's Run,2020.02.04,February,Non-rec,6.5625,7.2,11.73,410.3,7.79,1.62E-08,,0,0.5588,10,399,96,31,-86,-21,572,714,971,399,502,17.5,0.32,5.56,0.26,0.06,0.03,5.91,,,,,,,,,,,,,,,,,,,
County Line Bridge,2020.02.04,February,Non-rec,6.92,7.3,11.88,376.3,7.84,1.45E-08,,0,0.5588,10,512,86,10,-76,0,572,714,971,399,502,15.3,0.4,5.61,0.33,0.07,0.03,6.04,,,,,,,,,,,,,,,,,,,
Elm Grove Park,2020.02.04,February,Non-rec,6.635,7.5,11.85,410.6,7.91,1.23E-08,,0,0.5588,10,733,122,10,-112,0,572,714,971,399,502,12.9,0.64,5.76,0.49,0.15,0.05,6.45,,,,,,,,,,,,,,,,,,,
Junior Ave,2020.02.04,February,Non-rec,7.8275,7.5,11.85,415.1,7.92,1.20E-08,,0,0.5588,41,691,98,10,-57,31,572,714,971,399,502,12.4,1.3,6.24,0.85,0.45,0.19,7.73,,,,,,,,,,,,,,,,,,,
Washington Ave,2020.02.04,February,Non-rec,5.9575,7.6,11.67,436.8,7.98,1.05E-08,,0,0.5588,282,1112,933,41,-651,241,572,714,971,399,502,8.3,1.68,6.48,1.08,0.6,0.22,8.38,,,,,,,,,,,,,,,,,,,
Kroger,2020.02.04,February,Non-rec,15.15,7.7,11.32,463.4,7.97,1.07E-08,,0,0.5588,97,1515,288,282,-191,-185,572,714,971,399,502,6.28,1.88,6.53,1.18,0.7,0.24,8.65,,,,,,,,,,,,,,,,,,,
Fulton,2020.02.04,February,Non-rec,12.425,7.7,11.05,455.8,8.03,9.33E-09,,0,0.5588,226,4884,86,97,140,129,572,714,971,399,502,5.32,2.15,7.13,1.38,0.77,0.25,9.53,,,,,,,,,,,,,,,,,,,
Tunnel Green,2020.02.04,February,Non-rec,8.6525,7.6,11.56,451.4,7.98,1.05E-08,,0,0.5588,738,2187,1014,226,-276,512,572,714,971,399,502,2.55,2.24,7.17,1.43,0.81,0.28,9.69,,,,,,,,,,,,,,,,,,,
Mouth,2020.02.04,February,Non-rec,11.7,7.7,9.68,462,7.86,1.38E-08,,0,0.5588,529,1935,432,738,97,-209,572,714,971,399,502,0,2.32,7.19,1.46,0.86,0.34,9.85,,,,,,,,,,,,,,,,,,,
Ranch Bar,2020.02.11,February,Non-rec,78.2,6.2,12.33,217.3,7.12,7.59E-08,,0.6858,0.0508,,,,529,,-529,707,1424,4170,3463,3802,29,0.3,5.51,0.24,0.06,0.03,5.84,,,,,,,,,,,,,,,,,,,
Cricket Hollow,2020.02.11,February,Non-rec,83.95,6.2,11.92,220.2,7.21,6.17E-08,,0.6858,0.0508,,,,,,,707,1424,4170,3463,3802,25.4,0.31,5.55,0.25,0.06,0.03,5.89,,,,,,,,,,,,,,,,,,,
Grandstaff Run,2020.02.11,February,Non-rec,39.4,5.8,12.26,267.6,7.29,5.13E-08,,0.6858,0.0508,,,,,,,707,1424,4170,3463,3802,19.5,0.31,5.54,0.25,0.06,0.03,5.88,,,,,,,,,,,,,,,,,,,
Britt's Run,2020.02.11,February,Non-rec,77.875,6.2,11.48,222.7,7.43,3.72E-08,,0.6858,0.0508,,,,,,,707,1424,4170,3463,3802,17.5,0.32,5.56,0.26,0.06,0.03,5.91,,,,,,,,,,,,,,,,,,,
County Line Bridge,2020.02.11,February,Non-rec,109.75,6.2,11.89,224.8,7.43,3.72E-08,,0.6858,0.0508,,,,,,,707,1424,4170,3463,3802,15.3,0.4,5.61,0.33,0.07,0.03,6.04,,,,,,,,,,,,,,,,,,,
Elm Grove Park,2020.02.11,February,Non-rec,138.5,6.2,12.03,219.3,7.43,3.72E-08,,0.6858,0.0508,,,,,,,707,1424,4170,3463,3802,12.9,0.64,5.76,0.49,0.15,0.05,6.45,,,,,,,,,,,,,,,,,,,
Junior Ave,2020.02.11,February,Non-rec,117,6.2,12.03,221.1,7.47,3.39E-08,,0.6858,0.0508,,,,,,,707,1424,4170,3463,3802,12.4,1.3,6.24,0.85,0.45,0.19,7.73,,,,,,,,,,,,,,,,,,,
Washington Ave,2020.02.11,February,Non-rec,104.25,6.2,11.92,233.6,7.4,3.98E-08,,0.6858,0.0508,,,,,,,707,1424,4170,3463,3802,8.3,1.68,6.48,1.08,0.6,0.22,8.38,,,,,,,,,,,,,,,,,,,
Kroger,2020.02.11,February,Non-rec,108.5,6.2,12.3,229.2,7.51,3.09E-08,,0.6858,0.0508,,,,,,,707,1424,4170,3463,3802,6.28,1.88,6.53,1.18,0.7,0.24,8.65,,,,,,,,,,,,,,,,,,,
Fulton,2020.02.11,February,Non-rec,106,6.2,12,250,7.55,2.82E-08,,0.6858,0.0508,,,,,,,707,1424,4170,3463,3802,5.32,2.15,7.13,1.38,0.77,0.25,9.53,,,,,,,,,,,,,,,,,,,
Tunnel Green,2020.02.11,February,Non-rec,84.575,6.2,10.76,244.3,7.62,2.40E-08,,0.6858,0.0508,,,,,,,707,1424,4170,3463,3802,2.55,2.24,7.17,1.43,0.81,0.28,9.69,,,,,,,,,,,,,,,,,,,
Mouth,2020.02.11,February,Non-rec,99.375,6.1,10.76,244.3,7.62,2.40E-08,,0.6858,0.0508,,,,,,,707,1424,4170,3463,3802,0,2.32,7.19,1.46,0.86,0.34,9.85,,,,,,,,,,,,,,,,,,,
Ranch Bar,2020.02.18,February,Non-rec,12.6,5.5,12.81,373.9,7.43,3.72E-08,,0.127,0,,,,,,,947,2501,5430,4483,894,29,0.3,5.51,0.24,0.06,0.03,5.84,,,,,,,,,,,,,,,,,,,
Cricket Hollow,2020.02.18,February,Non-rec,12.275,5.4,13.68,372.7,7.5,3.16E-08,,0.127,0,,,,,,,947,2501,5430,4483,894,25.4,0.31,5.55,0.25,0.06,0.03,5.89,,,,,,,,,,,,,,,,,,,
Grandstaff Run,2020.02.18,February,Non-rec,26.625,4.9,13.99,311.6,7.58,2.63E-08,,0.127,0,,,,,,,947,2501,5430,4483,894,19.5,0.31,5.54,0.25,0.06,0.03,5.88,,,,,,,,,,,,,,,,,,,
Britt's Run,2020.02.18,February,Non-rec,13.05,5.4,13.7,372.4,7.65,2.24E-08,,0.127,0,,,,,,,947,2501,5430,4483,894,17.5,0.32,5.56,0.26,0.06,0.03,5.91,,,,,,,,,,,,,,,,,,,
County Line Bridge,2020.02.18,February,Non-rec,12.6,5.4,13.49,321.9,7.72,1.91E-08,,0.127,0,,,,,,,947,2501,5430,4483,894,15.3,0.4,5.61,0.33,0.07,0.03,6.04,,,,,,,,,,,,,,,,,,,
Elm Grove Park,2020.02.18,February,Non-rec,15.475,5.4,13.33,369.9,7.73,1.86E-08,,0.127,0,,,,,,,947,2501,5430,4483,894,12.9,0.64,5.76,0.49,0.15,0.05,6.45,,,,,,,,,,,,,,,,,,,
Junior Ave,2020.02.18,February,Non-rec,24.35,5.5,13.05,405.4,7.81,1.55E-08,,0.127,0,,,,,,,947,2501,5430,4483,894,12.4,1.3,6.24,0.85,0.45,0.19,7.73,,,,,,,,,,,,,,,,,,,
Washington Ave,2020.02.18,February,Non-rec,17.45,5.7,13.17,435.6,7.82,1.51E-08,,0.127,0,,,,,,,947,2501,5430,4483,894,8.3,1.68,6.48,1.08,0.6,0.22,8.38,,,,,,,,,,,,,,,,,,,
Kroger,2020.02.18,February,Non-rec,28.075,5.8,12.45,453.1,7.87,1.35E-08,,0.127,0,,,,,,,947,2501,5430,4483,894,6.28,1.88,6.53,1.18,0.7,0.24,8.65,,,,,,,,,,,,,,,,,,,
Fulton,2020.02.18,February,Non-rec,57.5,5.8,12.96,446.1,7.89,1.29E-08,,0.127,0,,,,,,,947,2501,5430,4483,894,5.32,2.15,7.13,1.38,0.77,0.25,9.53,,,,,,,,,,,,,,,,,,,
Tunnel Green,2020.02.18,February,Non-rec,28.725,5.6,13.12,420.8,7.92,1.20E-08,,0.127,0,,,,,,,947,2501,5430,4483,894,2.55,2.24,7.17,1.43,0.81,0.28,9.69,,,,,,,,,,,,,,,,,,,
Mouth,2020.02.18,February,Non-rec,17,5.2,13.33,411.4,7.82,1.51E-08,,0.127,0,,,,,,,947,2501,5430,4483,894,0,2.32,7.19,1.46,0.86,0.34,9.85,,,,,,,,,,,,,,,,,,,
Ranch Bar,2020.02.25,February,Non-rec,7.5025,4.9,12.91,416.6,7.54,2.88E-08,,0.3302,0.889,10,269,0,,10,10,327,485,768,441,444,29,0.3,5.51,0.24,0.06,0.03,5.84,,,,,,,,,,,,,,,,,,,
Cricket Hollow,2020.02.25,February,Non-rec,4.785,4.9,13.23,416.5,7.84,1.45E-08,,0.3302,0.889,9.5,259,10,10,-0.5,-0.5,327,485,768,441,444,25.4,0.31,5.55,0.25,0.06,0.03,5.89,,,,,,,,,,,,,,,,,,,
Grandstaff Run,2020.02.25,February,Non-rec,12.85,5,13.01,402.8,7.85,1.41E-08,,0.3302,0.889,10,345,31,9.5,-21,0.5,327,485,768,441,444,19.5,0.31,5.54,0.25,0.06,0.03,5.88,,,,,,,,,,,,,,,,,,,
Britt's Run,2020.02.25,February,Non-rec,7.0325,5.2,12.39,416.6,7.89,1.29E-08,,0.3302,0.889,41,388,10,10,31,31,327,485,768,441,444,17.5,0.32,5.56,0.26,0.06,0.03,5.91,,,,,,,,,,,,,,,,,,,
County Line Bridge,2020.02.25,February,Non-rec,6.515,5.2,11.9,404.5,7.92,1.20E-08,,0.3302,0.889,9.5,216,10,41,-0.5,-31.5,327,485,768,441,444,15.3,0.4,5.61,0.33,0.07,0.03,6.04,,,,,,,,,,,,,,,,,,,
Elm Grove Park,2020.02.25,February,Non-rec,6.07,5.4,12.57,411.5,7.94,1.15E-08,,0.3302,0.889,9.5,318,10,9.5,-0.5,0,327,485,768,441,444,12.9,0.64,5.76,0.49,0.15,0.05,6.45,,,,,,,,,,,,,,,,,,,
Junior Ave,2020.02.25,February,Non-rec,5.41,5.4,11.75,413,8.02,9.55E-09,,0.3302,0.889,73,2046,41,9.5,32,63.5,327,485,768,441,444,12.4,1.3,6.24,0.85,0.45,0.19,7.73,,,,,,,,,,,,,,,,,,,
Washington Ave,2020.02.25,February,Non-rec,6.12,5.6,12.25,436.7,8.04,9.12E-09,,0.3302,0.889,1722,2247,282,73,1440,1649,327,485,768,441,444,8.3,1.68,6.48,1.08,0.6,0.22,8.38,,,,,,,,,,,,,,,,,,,
Kroger,2020.02.25,February,Non-rec,11.1275,5.9,11.79,456.8,8.06,8.71E-09,,0.3302,0.889,1081,1664,97,1722,984,-641,327,485,768,441,444,6.28,1.88,6.53,1.18,0.7,0.24,8.65,,,,,,,,,,,,,,,,,,,
Fulton,2020.02.25,February,Non-rec,369.25,5.8,11.89,455.1,8.07,8.51E-09,,0.3302,0.889,1145,1989,226,1081,919,64,327,485,768,441,444,5.32,2.15,7.13,1.38,0.77,0.25,9.53,,,,,,,,,,,,,,,,,,,
Tunnel Green,2020.02.25,February,Non-rec,18.4425,5.7,11.25,452.7,8.07,8.51E-09,,0.3302,0.889,1076,2603,738,1145,338,-69,327,485,768,441,444,2.55,2.24,7.17,1.43,0.81,0.28,9.69,,,,,,,,,,,,,,,,,,,
Mouth,2020.02.25,February,Non-rec,17.95,5.5,12.08,456.3,8.03,9.33E-09,,0.3302,0.889,1246,4352,529,1076,717,170,327,485,768,441,444,0,2.32,7.19,1.46,0.86,0.34,9.85,,,,,,,,,,,,,,,,,,,
Ranch Bar,2020.03.03,March,Non-rec,25.775,6.1,13.88,370.1,7.57,2.69E-08,,1.0414,0.00254,,,,1246,,-1246,355,531,862,507,472,29,0.3,5.51,0.24,0.06,0.03,5.84,,,,,,,,,,,,,,,,,,,
Cricket Hollow,2020.03.03,March,Non-rec,40.8,6.3,13.04,360.5,7.66,2.19E-08,,1.0414,0.00254,,,,,,,355,531,862,507,472,25.4,0.31,5.55,0.25,0.06,0.03,5.89,,,,,,,,,,,,,,,,,,,
Grandstaff Run,2020.03.03,March,Non-rec,41.05,4.9,13.83,331.2,7.78,1.66E-08,,1.0414,0.00254,,,,,,,355,531,862,507,472,19.5,0.31,5.54,0.25,0.06,0.03,5.88,,,,,,,,,,,,,,,,,,,
Britt's Run,2020.03.03,March,Non-rec,71.475,7.1,11.97,293.5,7.75,1.78E-08,,1.0414,0.00254,,,,,,,355,531,862,507,472,17.5,0.32,5.56,0.26,0.06,0.03,5.91,,,,,,,,,,,,,,,,,,,
County Line Bridge,2020.03.03,March,Non-rec,38.25,6.6,13.01,283.2,7.83,1.48E-08,,1.0414,0.00254,,,,,,,355,531,862,507,472,15.3,0.4,5.61,0.33,0.07,0.03,6.04,,,,,,,,,,,,,,,,,,,
Elm Grove Park,2020.03.03,March,Non-rec,27.675,6.6,12.45,374.5,7.88,1.32E-08,,1.0414,0.00254,,,,,,,355,531,862,507,472,12.9,0.64,5.76,0.49,0.15,0.05,6.45,,,,,,,,,,,,,,,,,,,
Junior Ave,2020.03.03,March,Non-rec,33.075,6.6,12.26,384.8,7.88,1.32E-08,,1.0414,0.00254,,,,,,,355,531,862,507,472,12.4,1.3,6.24,0.85,0.45,0.19,7.73,,,,,,,,,,,,,,,,,,,
Washington Ave,2020.03.03,March,Non-rec,46.675,6.9,12.3,436.6,7.91,1.23E-08,,1.0414,0.00254,,,,,,,355,531,862,507,472,8.3,1.68,6.48,1.08,0.6,0.22,8.38,,,,,,,,,,,,,,,,,,,
Kroger,2020.03.03,March,Non-rec,49.95,6.9,12.3,436.6,7.91,1.23E-08,,1.0414,0.00254,,,,,,,355,531,862,507,472,6.28,1.88,6.53,1.18,0.7,0.24,8.65,,,,,,,,,,,,,,,,,,,
Fulton,2020.03.03,March,Non-rec,43.425,7.1,12.18,440.3,8,0.00000001,,1.0414,0.00254,,,,,,,355,531,862,507,472,5.32,2.15,7.13,1.38,0.77,0.25,9.53,,,,,,,,,,,,,,,,,,,
Tunnel Green,2020.03.03,March,Non-rec,37.8,7,12.37,439.7,8.03,9.33E-09,,1.0414,0.00254,,,,,,,355,531,862,507,472,2.55,2.24,7.17,1.43,0.81,0.28,9.69,,,,,,,,,,,,,,,,,,,
Mouth,2020.03.03,March,Non-rec,35.675,6.6,12.68,453.3,8.01,9.77E-09,,1.0414,0.00254,,,,,,,355,531,862,507,472,0,2.32,7.19,1.46,0.86,0.34,9.85,,,,,,,,,,,,,,,,,,,
Ranch Bar,2020.03.17,March,Non-rec,12.35,6.9,12.87,320.4,7.53,2.95E-08,,0.0508,2.286,52,359,10,,42,52,377,543,919,542,861,29,0.3,5.51,0.24,0.06,0.03,5.84,,,,,,,,,,,,,,,,,,,
Cricket Hollow,2020.03.17,March,Non-rec,12.6,6.9,12.98,317.3,7.54,2.88E-08,,0.0508,2.286,109,480,9.5,52,99.5,57,377,543,919,542,861,25.4,0.31,5.55,0.25,0.06,0.03,5.89,,,,,,,,,,,,,,,,,,,
Grandstaff Run,2020.03.17,March,Non-rec,13.675,6.9,12.86,316.6,7.65,2.24E-08,,0.0508,2.286,41,428,10,109,31,-68,377,543,919,542,861,19.5,0.31,5.54,0.25,0.06,0.03,5.88,,,,,,,,,,,,,,,,,,,
Britt's Run,2020.03.17,March,Non-rec,17.625,6.9,12.33,323.3,7.73,1.86E-08,,0.0508,2.286,74,644,41,41,33,33,377,543,919,542,861,17.5,0.32,5.56,0.26,0.06,0.03,5.91,,,,,,,,,,,,,,,,,,,
County Line Bridge,2020.03.17,March,Non-rec,13.625,6.9,12.94,302.8,7.77,1.70E-08,,0.0508,2.286,41,771,9.5,74,31.5,-33,377,543,919,542,861,15.3,0.4,5.61,0.33,0.07,0.03,6.04,,,,,,,,,,,,,,,,,,,
Elm Grove Park,2020.03.17,March,Non-rec,10.65,6.9,13.33,322,7.82,1.51E-08,,0.0508,2.286,31,909,9.5,41,21.5,-10,377,543,919,542,861,12.9,0.64,5.76,0.49,0.15,0.05,6.45,,,,,,,,,,,,,,,,,,,
Junior Ave,2020.03.17,March,Non-rec,12.675,6.9,12.94,325.7,7.87,1.35E-08,,0.0508,2.286,97,987,73,31,24,66,377,543,919,542,861,12.4,1.3,6.24,0.85,0.45,0.19,7.73,,,,,,,,,,,,,,,,,,,
Washington Ave,2020.03.17,March,Non-rec,10.675,6.9,13.18,323.7,7.89,1.29E-08,,0.0508,2.286,9208,9804,1722,97,7486,9111,377,543,919,542,861,8.3,1.68,6.48,1.08,0.6,0.22,8.38,,,,,,,,,,,,,,,,,,,
Kroger,2020.03.17,March,Non-rec,13.2,7,11.79,348.2,7.89,1.29E-08,,0.0508,2.286,1189,2247,1081,9208,108,-8019,377,543,919,542,861,6.28,1.88,6.53,1.18,0.7,0.24,8.65,,,,,,,,,,,,,,,,,,,
Fulton,2020.03.17,March,Non-rec,11.75,7,12.95,356.9,7.95,1.12E-08,,0.0508,2.286,1664,3076,1145,1189,519,475,377,543,919,542,861,5.32,2.15,7.13,1.38,0.77,0.25,9.53,,,,,,,,,,,,,,,,,,,
Tunnel Green,2020.03.17,March,Non-rec,12.1,7,13.14,356,7.93,1.17E-08,,0.0508,2.286,355,1178,1076,1664,-721,-1309,377,543,919,542,861,2.55,2.24,7.17,1.43,0.81,0.28,9.69,,,,,,,,,,,,,,,,,,,
Mouth,2020.03.17,March,Non-rec,16.025,6.9,12.71,356.2,7.95,1.12E-08,,0.0508,2.286,120,820,1246,355,-1126,-235,377,543,919,542,861,0,2.32,7.19,1.46,0.86,0.34,9.85,,,,,,,,,,,,,,,,,,,
Ranch Bar,2020.03.24,March,Non-rec,18.55,8.1,12.63,339.4,7.34,4.57E-08,5.89,,,,,,120,,-120,806,1769,3930,3124,951,29,0.3,5.51,0.24,0.06,0.03,5.84,,,,,,,,,,,,,,,,,,,
Cricket Hollow,2020.03.24,March,Non-rec,17.3,8.2,11.83,340.6,7.53,2.95E-08,7.48,,,,,,,,,806,1769,3930,3124,951,25.4,0.31,5.55,0.25,0.06,0.03,5.89,,,,,,,,,,,,,,,,,,,
Grandstaff Run,2020.03.24,March,Non-rec,16.3,8.4,12.32,290.2,7.68,2.09E-08,5.79,,,,,,,,,806,1769,3930,3124,951,19.5,0.31,5.54,0.25,0.06,0.03,5.88,,,,,,,,,,,,,,,,,,,
Britt's Run,2020.03.24,March,Non-rec,15.1,8.2,11.62,336.1,7.69,2.04E-08,7.9,,,,,,,,,806,1769,3930,3124,951,17.5,0.32,5.56,0.26,0.06,0.03,5.91,,,,,,,,,,,,,,,,,,,
County Line Bridge,2020.03.24,March,Non-rec,24.75,8.2,12.1,325,7.74,1.82E-08,7.87,,,,,,,,,806,1769,3930,3124,951,15.3,0.4,5.61,0.33,0.07,0.03,6.04,,,,,,,,,,,,,,,,,,,
Elm Grove Park,2020.03.24,March,Non-rec,18.775,8.3,12.07,345.8,7.78,1.66E-08,8.15,,,,,,,,,806,1769,3930,3124,951,12.9,0.64,5.76,0.49,0.15,0.05,6.45,,,,,,,,,,,,,,,,,,,
Junior Ave,2020.03.24,March,Non-rec,17.3,8.3,12.08,349.6,7.84,1.45E-08,9.01,,,,,,,,,806,1769,3930,3124,951,12.4,1.3,6.24,0.85,0.45,0.19,7.73,,,,,,,,,,,,,,,,,,,
Washington Ave,2020.03.24,March,Non-rec,18.85,8.2,12.21,350.2,7.83,1.48E-08,10.66,,,,,,,,,806,1769,3930,3124,951,8.3,1.68,6.48,1.08,0.6,0.22,8.38,,,,,,,,,,,,,,,,,,,
Kroger,2020.03.24,March,Non-rec,17.4,8.3,10.76,296.3,7.88,1.32E-08,13.09,,,,,,,,,806,1769,3930,3124,951,6.28,1.88,6.53,1.18,0.7,0.24,8.65,,,,,,,,,,,,,,,,,,,
Fulton,2020.03.24,March,Non-rec,16.85,8.2,12.21,367.9,7.86,1.38E-08,11.24,,,,,,,,,806,1769,3930,3124,951,5.32,2.15,7.13,1.38,0.77,0.25,9.53,,,,,,,,,,,,,,,,,,,
Tunnel Green,2020.03.24,March,Non-rec,17.725,8.2,11.73,369.3,7.88,1.32E-08,12.33,,,,,,,,,806,1769,3930,3124,951,2.55,2.24,7.17,1.43,0.81,0.28,9.69,,,,,,,,,,,,,,,,,,,
Mouth,2020.03.24,March,Non-rec,18.8425,8,12.99,368.7,7.84,1.45E-08,11.86,,,,,,,,,806,1769,3930,3124,951,0,2.32,7.19,1.46,0.86,0.34,9.85,,,,,,,,,,,,,,,,,,,
Ranch Bar,2020.03.31,March,Non-rec,7.91,10.9,10.61,338.4,8.49,3.24E-09,2.13,,,171,228,52,,119,171,574,1380,8160,7586,1463,29,0.3,5.51,0.24,0.06,0.03,5.84,,,,,,,,,,,,,,,,,,,
Cricket Hollow,2020.03.31,March,Non-rec,10.7,10.8,10.89,337.2,8.29,5.13E-09,5.02,,,95,345,109,171,-14,-76,574,1380,8160,7586,1463,25.4,0.31,5.55,0.25,0.06,0.03,5.89,,,,,,,,,,,,,,,,,,,
Grandstaff Run,2020.03.31,March,Non-rec,8.1,10.8,10.51,331.9,8.36,4.37E-09,5.07,,,121,1153,41,95,80,26,574,1380,8160,7586,1463,19.5,0.31,5.54,0.25,0.06,0.03,5.88,,,,,,,,,,,,,,,,,,,
Britt's Run,2020.03.31,March,Non-rec,8.445,9.5,4.7,313.2,8.13,7.41E-09,7.27,,,86,1515,74,121,12,-35,574,1380,8160,7586,1463,17.5,0.32,5.56,0.26,0.06,0.03,5.91,,,,,,,,,,,,,,,,,,,
County Line Bridge,2020.03.31,March,Non-rec,11.75,10.7,10.85,334.1,8.04,9.12E-09,9.5,,,120,1935,41,86,79,34,574,1380,8160,7586,1463,15.3,0.4,5.61,0.33,0.07,0.03,6.04,,,,,,,,,,,,,,,,,,,
Elm Grove Park,2020.03.31,March,Non-rec,10.085,10.9,10.53,329,8.1,7.94E-09,9.03,,,98,2187,31,120,67,-22,574,1380,8160,7586,1463,12.9,0.64,5.76,0.49,0.15,0.05,6.45,,,,,,,,,,,,,,,,,,,
Junior Ave,2020.03.31,March,Non-rec,11.9,10.9,10.83,336.6,8.17,6.76E-09,9.53,,,132,3076,97,98,35,34,574,1380,8160,7586,1463,12.4,1.3,6.24,0.85,0.45,0.19,7.73,,,,,,,,,,,,,,,,,,,
Washington Ave,2020.03.31,March,Non-rec,15.95,10.5,10.73,348.7,8.16,6.92E-09,12.99,,,1565,3873,9208,132,-7643,1433,574,1380,8160,7586,1463,8.3,1.68,6.48,1.08,0.6,0.22,8.38,,,,,,,,,,,,,,,,,,,
Kroger,2020.03.31,March,Non-rec,11.8,10.6,9.63,363.1,8.16,6.92E-09,16.44,,,1585,3448,1189,1565,396,20,574,1380,8160,7586,1463,6.28,1.88,6.53,1.18,0.7,0.24,8.65,,,,,,,,,,,,,,,,,,,
Fulton,2020.03.31,March,Non-rec,20.3,10.4,10.39,362.4,8.17,6.76E-09,15.72,,,1019,4884,1664,1585,-645,-566,574,1380,8160,7586,1463,5.32,2.15,7.13,1.38,0.77,0.25,9.53,,,,,,,,,,,,,,,,,,,
Tunnel Green,2020.03.31,March,Non-rec,13.75,10.5,9.71,362.3,8.19,6.46E-09,15.56,,,457,3654,355,1019,102,-562,574,1380,8160,7586,1463,2.55,2.24,7.17,1.43,0.81,0.28,9.69,,,,,,,,,,,,,,,,,,,
Mouth,2020.03.31,March,Non-rec,29.35,10.3,10.1,362,8.15,7.08E-09,15.66,,,1223,4352,120,457,1103,766,574,1380,8160,7586,1463,0,2.32,7.19,1.46,0.86,0.34,9.85,,,,,,,,,,,,,,,,,,,
Ranch Bar,2020.04.14,April,Non-rec,72.75,10.2,11.13,259.6,7.36,4.37E-08,3.36,,,1296,12997,171,1223,1125,73,612,1449,2420,1808,1848,29,0.3,5.51,0.24,0.06,0.03,5.84,,,,,,,,,,,,,,,,,,,
Cricket Hollow,2020.04.14,April,Non-rec,60.55,10.2,10.8,261,7.47,3.39E-08,4.44,,,960,17329,95,1296,865,-336,612,1449,2420,1808,1848,25.4,0.31,5.55,0.25,0.06,0.03,5.89,,,,,,,,,,,,,,,,,,,
Grandstaff Run,2020.04.14,April,Non-rec,29.85,10.1,11.2,260,7.58,2.63E-08,4.31,,,910,17329,121,960,789,-50,612,1449,2420,1808,1848,19.5,0.31,5.54,0.25,0.06,0.03,5.88,,,,,,,,,,,,,,,,,,,
Britt's Run,2020.04.14,April,Non-rec,57.675,10.4,10.87,263.4,7.66,2.19E-08,5.1,,,1439,12997,86,910,1353,529,612,1449,2420,1808,1848,17.5,0.32,5.56,0.26,0.06,0.03,5.91,,,,,,,,,,,,,,,,,,,
County Line Bridge,2020.04.14,April,Non-rec,64.075,10.5,10.8,251.4,7.73,1.86E-08,5.82,,,1046,17329,120,1439,926,-393,612,1449,2420,1808,1848,15.3,0.4,5.61,0.33,0.07,0.03,6.04,,,,,,,,,,,,,,,,,,,
Elm Grove Park,2020.04.14,April,Non-rec,67,10.6,11.15,262.6,7.7,2.00E-08,5.06,,,1145,15531,98,1046,1047,99,612,1449,2420,1808,1848,12.9,0.64,5.76,0.49,0.15,0.05,6.45,,,,,,,,,,,,,,,,,,,
Junior Ave,2020.04.14,April,Non-rec,66.75,10.6,10.96,263.9,7.74,1.82E-08,5.19,,,1565,15531,132,1145,1433,420,612,1449,2420,1808,1848,12.4,1.3,6.24,0.85,0.45,0.19,7.73,,,,,,,,,,,,,,,,,,,
Washington Ave,2020.04.14,April,Non-rec,60.775,10.5,11.08,275.3,7.79,1.62E-08,6.31,,,1014,12033,1565,1565,-551,-551,612,1449,2420,1808,1848,8.3,1.68,6.48,1.08,0.6,0.22,8.38,,,,,,,,,,,,,,,,,,,
Kroger,2020.04.14,April,Non-rec,63.85,10.4,11,275.9,7.81,1.55E-08,6.64,,,1046,15531,1585,1014,-539,32,612,1449,2420,1808,1848,6.28,1.88,6.53,1.18,0.7,0.24,8.65,,,,,,,,,,,,,,,,,,,
Fulton,2020.04.14,April,Non-rec,61.5,10.4,11,280.7,7.86,1.38E-08,7.34,,,1081,14136,1019,1046,62,35,612,1449,2420,1808,1848,5.32,2.15,7.13,1.38,0.77,0.25,9.53,,,,,,,,,,,,,,,,,,,
,,,,,,,,,,,,,,,457,1081,-457,-1081,,,,,,2.55,2.24,7.17,1.43,0.81,0.28,9.69,,,,,,,,,,,,,,,,,,,
Mouth,2020.04.14,April,Non-rec,62.55,10.3,10.9,280.6,7.88,1.32E-08,7.96,,,1421,17329,1223,,198,1421,612,1449,2420,1808,1848,0,2.32,7.19,1.46,0.86,0.34,9.85,,,,,,,,,,,,,,,,,,,
Ranch Bar,2020.04.28,April,Non-rec,29.125,11.8,9.61,258.2,7.5,3.16E-08,6.7,0.1524,3.5866,410,6488,1296,1421,-886,-1011,660,1128,2720,2060,2011,29,0.3,5.51,0.24,0.06,0.03,5.84,,,,,,,,,,,,,,,,,,,
Cricket Hollow,2020.04.28,April,Non-rec,25.1,11.9,9.43,263.4,7.5,3.16E-08,6.22,0.1524,3.5866,414,3448,960,410,-546,4,660,1128,2720,2060,2011,25.4,0.31,5.55,0.25,0.06,0.03,5.89,,,,,,,,,,,,,,,,,,,
Grandstaff Run,2020.04.28,April,Non-rec,23.25,12.2,10.52,246.2,7.78,1.66E-08,5.93,0.1524,3.5866,529,6867,910,414,-381,115,660,1128,2720,2060,2011,19.5,0.31,5.54,0.25,0.06,0.03,5.88,,,,,,,,,,,,,,,,,,,
Britt's Run,2020.04.28,April,Non-rec,29.225,11.9,9.7,256.9,7.63,2.34E-08,6.78,0.1524,3.5866,538,5475,1439,529,-901,9,660,1128,2720,2060,2011,17.5,0.32,5.56,0.26,0.06,0.03,5.91,,,,,,,,,,,,,,,,,,,
County Line Bridge,2020.04.28,April,Non-rec,27.85,12.2,10.19,256.6,7.79,1.62E-08,6.74,0.1524,3.5866,292,5794,1046,538,-754,-246,660,1128,2720,2060,2011,15.3,0.4,5.61,0.33,0.07,0.03,6.04,,,,,,,,,,,,,,,,,,,
Elm Grove Park,2020.04.28,April,Non-rec,28.7,12.2,10.05,253.4,7.81,1.55E-08,6.78,0.1524,3.5866,379,3873,1145,292,-766,87,660,1128,2720,2060,2011,12.9,0.64,5.76,0.49,0.15,0.05,6.45,,,,,,,,,,,,,,,,,,,
Junior Ave,2020.04.28,April,Non-rec,29.375,12.3,10.19,255.8,7.85,1.41E-08,7.25,0.1524,3.5866,443,4611,1565,379,-1122,64,660,1128,2720,2060,2011,12.4,1.3,6.24,0.85,0.45,0.19,7.73,,,,,,,,,,,,,,,,,,,
Washington Ave,2020.04.28,April,Non-rec,26.05,12.3,10.38,268.9,7.87,1.35E-08,8.77,0.1524,3.5866,5475,10462,1014,443,4461,5032,660,1128,2720,2060,2011,8.3,1.68,6.48,1.08,0.6,0.22,8.38,,,,,,,,,,,,,,,,,,,
Kroger,2020.04.28,April,Non-rec,28.5,12.2,10.36,269.2,7.87,1.35E-08,8.67,0.1524,3.5866,328,6488,1046,5475,-718,-5147,660,1128,2720,2060,2011,6.28,1.88,6.53,1.18,0.7,0.24,8.65,,,,,,,,,,,,,,,,,,,
Fulton,2020.04.28,April,Non-rec,30.925,12.3,10.39,275.7,7.87,1.35E-08,8.72,0.1524,3.5866,404,3076,1081,328,-677,76,660,1128,2720,2060,2011,5.32,2.15,7.13,1.38,0.77,0.25,9.53,,,,,,,,,,,,,,,,,,,
Tunnel Green,2020.04.28,April,Non-rec,32.75,12.2,10.39,274.8,7.9,1.26E-08,10.02,0.1524,3.5866,538,4106,,404,538,134,660,1128,2720,2060,2011,2.55,2.24,7.17,1.43,0.81,0.28,9.69,,,,,,,,,,,,,,,,,,,
Mouth,2020.04.28,April,Non-rec,29.45,11.9,9.94,272.9,7.87,1.35E-08,10.5,0.1524,3.5866,609,4884,1421,538,-812,71,660,1128,2720,2060,2011,0,2.32,7.19,1.46,0.86,0.34,9.85,,,,,,,,,,,,,,,,,,,
Ranch Bar,2020.05.05,May,Rec,10.69,13.3,9.87,335.3,7.69,2.04E-08,6.48,0.3556,0.1778,,,,609,,-609,931,1573,2600,1669,943,29,0.3,5.51,0.24,0.06,0.03,5.84,,,,,,,,,,,,,,,,,,,
Cricket Hollow,2020.05.05,May,Rec,7.3275,13.1,10.11,330.2,7.83,1.48E-08,5.54,0.3556,0.1778,,,,,,,931,1573,2600,1669,943,25.4,0.31,5.55,0.25,0.06,0.03,5.89,,,,,,,,,,,,,,,,,,,
Grandstaff Run,2020.05.05,May,Rec,11.25,14,9.99,293.7,8.21,6.17E-09,4.7,0.3556,0.1778,,,,,,,931,1573,2600,1669,943,19.5,0.31,5.54,0.25,0.06,0.03,5.88,,,,,,,,,,,,,,,,,,,
Britt's Run,2020.05.05,May,Rec,18.45,13.3,10.87,327.5,8.27,5.37E-09,7.35,0.3556,0.1778,,,,,,,931,1573,2600,1669,943,17.5,0.32,5.56,0.26,0.06,0.03,5.91,,,,,,,,,,,,,,,,,,,
County Line Bridge,2020.05.05,May,Rec,7.895,13.2,10.82,327.9,8.37,4.27E-09,8.68,0.3556,0.1778,,,,,,,931,1573,2600,1669,943,15.3,0.4,5.61,0.33,0.07,0.03,6.04,,,,,,,,,,,,,,,,,,,
Elm Grove Park,2020.05.05,May,Rec,7.3275,13.4,10.97,327.3,8.43,3.72E-09,8.51,0.3556,0.1778,,,,,,,931,1573,2600,1669,943,12.9,0.64,5.76,0.49,0.15,0.05,6.45,,,,,,,,,,,,,,,,,,,
Junior Ave,2020.05.05,May,Rec,6.215,13.3,11.17,329.4,8.46,3.47E-09,9.24,0.3556,0.1778,,,,,,,931,1573,2600,1669,943,12.4,1.3,6.24,0.85,0.45,0.19,7.73,,,,,,,,,,,,,,,,,,,
Washington Ave,2020.05.05,May,Rec,6.415,12.9,11.35,340.8,8.44,3.63E-09,10.53,0.3556,0.1778,,,,,,,931,1573,2600,1669,943,8.3,1.68,6.48,1.08,0.6,0.22,8.38,,,,,,,,,,,,,,,,,,,
Kroger,2020.05.05,May,Rec,7.1725,12.9,10.5,349.4,8.46,3.47E-09,13.37,0.3556,0.1778,,,,,,,931,1573,2600,1669,943,6.28,1.88,6.53,1.18,0.7,0.24,8.65,,,,,,,,,,,,,,,,,,,
Fulton,2020.05.05,May,Rec,6.83,12.8,10.91,350.6,8.47,3.39E-09,12.72,0.3556,0.1778,,,,,,,931,1573,2600,1669,943,5.32,2.15,7.13,1.38,0.77,0.25,9.53,,,,,,,,,,,,,,,,,,,
Tunnel Green,2020.05.05,May,Rec,6.5925,12.7,9.87,353.1,8.45,3.55E-09,14.84,0.3556,0.1778,,,,,,,931,1573,2600,1669,943,2.55,2.24,7.17,1.43,0.81,0.28,9.69,,,,,,,,,,,,,,,,,,,
Mouth,2020.05.05,May,Rec,12.125,12.7,9.74,357.7,8.27,5.37E-09,13.62,0.3556,0.1778,,,,,,,931,1573,2600,1669,943,0,2.32,7.19,1.46,0.86,0.34,9.85,,,,,,,,,,,,,,,,,,,
Ranch Bar,2020.05.12,May,Rec,8.185,11.5,12.48,327.9,8.37,4.27E-09,8.45,0,0,10,269,410,,-400,10,850,640,1210,360,744,29,0.3,5.51,0.24,0.06,0.03,5.84,,,,,,,,,,,,,,,,,,,
Cricket Hollow,2020.05.12,May,Rec,7.395,11,13.67,328.8,8.41,3.89E-09,11.4,0,0,10,301,414,10,-404,0,850,640,1210,360,744,25.4,0.31,5.55,0.25,0.06,0.03,5.89,,,,,,,,,,,,,,,,,,,
Grandstaff Run,2020.05.12,May,Rec,7.875,11.2,13.2,306.9,8.45,3.55E-09,9.15,0,0,20,201,529,10,-509,10,850,640,1210,360,744,19.5,0.31,5.54,0.25,0.06,0.03,5.88,,,,,,,,,,,,,,,,,,,
Britt's Run,2020.05.12,May,Rec,8.525,11.4,13.35,326.9,8.54,2.88E-09,13.36,0,0,9.5,1553,538,20,-528.5,-10.5,850,640,1210,360,744,17.5,0.32,5.56,0.26,0.06,0.03,5.91,,,,,,,,,,,,,,,,,,,
County Line Bridge,2020.05.12,May,Rec,6.4875,11.7,13.06,329.6,8.56,2.75E-09,17.32,0,0,20,369,292,9.5,-272,10.5,850,640,1210,360,744,15.3,0.4,5.61,0.33,0.07,0.03,6.04,,,,,,,,,,,,,,,,,,,
Elm Grove Park,2020.05.12,May,Rec,7.6625,11.8,13.53,329.6,8.56,2.75E-09,17.32,0,0,9.5,496,379,20,-369.5,-10.5,850,640,1210,360,744,12.9,0.64,5.76,0.49,0.15,0.05,6.45,,,,,,,,,,,,,,,,,,,
Junior Ave,2020.05.12,May,Rec,7.8025,11.8,13.53,323.2,8.61,2.45E-09,13.06,0,0,10,836,443,9.5,-433,0.5,850,640,1210,360,744,12.4,1.3,6.24,0.85,0.45,0.19,7.73,,,,,,,,,,,,,,,,,,,
Washington Ave,2020.05.12,May,Rec,5.9325,11.9,13.29,339.9,8.72,1.91E-09,18.03,0,0,134,609,5475,10,-5341,124,850,640,1210,360,744,8.3,1.68,6.48,1.08,0.6,0.22,8.38,,,,,,,,,,,,,,,,,,,
Kroger,2020.05.12,May,Rec,7.1125,11.7,12.47,343.9,8.77,1.70E-09,21.06,0,0,20,565,328,134,-308,-114,850,640,1210,360,744,6.28,1.88,6.53,1.18,0.7,0.24,8.65,,,,,,,,,,,,,,,,,,,
Fulton,2020.05.12,May,Rec,6.86,11.7,12.8,346.8,8.81,1.55E-09,22.54,0,0,75,538,404,20,-329,55,850,640,1210,360,744,5.32,2.15,7.13,1.38,0.77,0.25,9.53,,,,,,,,,,,,,,,,,,,
Tunnel Green,2020.05.12,May,Rec,8.755,11.5,12.62,352.1,8.74,1.82E-09,22.14,0,0,52,404,538,75,-486,-23,850,640,1210,360,744,2.55,2.24,7.17,1.43,0.81,0.28,9.69,,,,,,,,,,,,,,,,,,,
Mouth,2020.05.12,May,Rec,12.225,10.7,11.86,357.5,8.54,2.88E-09,19.89,0,0,31,613,609,52,-578,-21,850,640,1210,360,744,0,2.32,7.19,1.46,0.86,0.34,9.85,,,,,,,,,,,,,,,,,,,
Ranch Bar,2020.05.19,May,Rec,14.4,19,7.73,436.4,8.04,9.12E-09,8.58,1.5748,0.0254,108,1664,10,31,98,77,399,521,660,261,437,29,0.3,5.51,0.24,0.06,0.03,5.84,,,,,,,,,,,,,,,,,,,
Cricket Hollow,2020.05.19,May,Rec,10.8,19,9.58,436.3,8.17,6.76E-09,10.83,1.5748,0.0254,75,1553,10,108,65,-33,399,521,660,261,437,25.4,0.31,5.55,0.25,0.06,0.03,5.89,,,,,,,,,,,,,,,,,,,
Grandstaff Run,2020.05.19,May,Rec,9.305,19.1,9.94,371.4,8.35,4.47E-09,7.06,1.5748,0.0254,63,908,20,75,43,-12,399,521,660,261,437,19.5,0.31,5.54,0.25,0.06,0.03,5.88,,,,,,,,,,,,,,,,,,,
Britt's Run,2020.05.19,May,Rec,9.015,18.9,9.74,418.1,8.39,4.07E-09,12.34,1.5748,0.0254,63,1401,9.5,63,53.5,0,399,521,660,261,437,17.5,0.32,5.56,0.26,0.06,0.03,5.91,,,,,,,,,,,,,,,,,,,
County Line Bridge,2020.05.19,May,Rec,8.24,19.8,9.72,417.8,8.49,3.24E-09,12.79,1.5748,0.0254,145,2359,20,63,125,82,399,521,660,261,437,15.3,0.4,5.61,0.33,0.07,0.03,6.04,,,,,,,,,,,,,,,,,,,
Elm Grove Park,2020.05.19,May,Rec,9.9,20.1,10.22,426.2,8.47,3.39E-09,12.12,1.5748,0.0254,109,2187,9.5,145,99.5,-36,399,521,660,261,437,12.9,0.64,5.76,0.49,0.15,0.05,6.45,,,,,,,,,,,,,,,,,,,
Junior Ave,2020.05.19,May,Rec,8.155,20.1,10.68,428.6,8.52,3.02E-09,13.14,1.5748,0.0254,135,2142,10,109,125,26,399,521,660,261,437,12.4,1.3,6.24,0.85,0.45,0.19,7.73,,,,,,,,,,,,,,,,,,,
Washington Ave,2020.05.19,May,Rec,12.55,19.4,10.33,366.7,8.49,3.24E-09,17,1.5748,0.0254,683,7701,134,135,549,548,399,521,660,261,437,8.3,1.68,6.48,1.08,0.6,0.22,8.38,,,,,,,,,,,,,,,,,,,
Kroger,2020.05.19,May,Rec,16.8,19.4,8.63,458,8.45,3.55E-09,20.37,1.5748,0.0254,776,14136,20,683,756,93,399,521,660,261,437,6.28,1.88,6.53,1.18,0.7,0.24,8.65,,,,,,,,,,,,,,,,,,,
Fulton,2020.05.19,May,Rec,17.425,19.3,9.57,453.8,8.48,3.31E-09,20.47,1.5748,0.0254,816,12997,75,776,741,40,399,521,660,261,437,5.32,2.15,7.13,1.38,0.77,0.25,9.53,,,,,,,,,,,,,,,,,,,
Tunnel Green,2020.05.19,May,Rec,17.225,19.4,7.51,458.2,8.43,3.72E-09,20.79,1.5748,0.0254,794,12033,52,816,742,-22,399,521,660,261,437,2.55,2.24,7.17,1.43,0.81,0.28,9.69,,,,,,,,,,,,,,,,,,,
Mouth,2020.05.19,May,Rec,36.425,19,7.31,449.1,8.27,5.37E-09,19.96,1.5748,0.0254,1515,24196,31,794,1484,721,399,521,660,261,437,0,2.32,7.19,1.46,0.86,0.34,9.85,,,,,,,,,,,,,,,,,,,
Ranch Bar,2020.05.26,May,Rec,18.55,22.6,6.71,425.5,7.88,1.32E-08,27,0,0.00254,86,3255,108,1515,-22,-1429,362,492,773,411,400,29,0.3,5.51,0.24,0.06,0.03,5.84,,,,,,,,,,,,,,,,,,,
Cricket Hollow,2020.05.26,May,Rec,24.094,22.8,9.64,425.4,8.04,9.12E-09,14.21,0,0.00254,31,1989,75,86,-44,-55,362,492,773,411,400,25.4,0.31,5.55,0.25,0.06,0.03,5.89,,,,,,,,,,,,,,,,,,,
Grandstaff Run,2020.05.26,May,Rec,6.7675,23.8,8.08,412.9,8.1,7.94E-09,13.3,0,0.00254,41,2700,63,31,-22,10,362,492,773,411,400,19.5,0.31,5.54,0.25,0.06,0.03,5.88,,,,,,,,,,,,,,,,,,,
Britt's Run,2020.05.26,May,Rec,9.62,24.4,8.27,418.7,8.18,6.61E-09,15.2,0,0.00254,52,1935,63,41,-11,11,362,492,773,411,400,17.5,0.32,5.56,0.26,0.06,0.03,5.91,,,,,,,,,,,,,,,,,,,
County Line Bridge,2020.05.26,May,Rec,7.8325,25.1,9.72,416.1,8.38,4.17E-09,14.98,0,0.00254,20,2310,145,52,-125,-32,362,492,773,411,400,15.3,0.4,5.61,0.33,0.07,0.03,6.04,,,,,,,,,,,,,,,,,,,
Elm Grove Park,2020.05.26,May,Rec,7.46,25.2,9.6,417.3,8.31,4.90E-09,13.85,0,0.00254,120,2603,109,20,11,100,362,492,773,411,400,12.9,0.64,5.76,0.49,0.15,0.05,6.45,,,,,,,,,,,,,,,,,,,
Junior Ave,2020.05.26,May,Rec,7.5675,25.3,9.81,419.7,8.22,6.03E-09,12.88,0,0.00254,97,2282,135,120,-38,-23,362,492,773,411,400,12.4,1.3,6.24,0.85,0.45,0.19,7.73,,,,,,,,,,,,,,,,,,,
Washington Ave,2020.05.26,May,Rec,6.3225,25.6,8.94,441.3,8.19,6.46E-09,7.76,0,0.00254,108,2851,683,97,-575,11,362,492,773,411,400,8.3,1.68,6.48,1.08,0.6,0.22,8.38,,,,,,,,,,,,,,,,,,,
Kroger,2020.05.26,May,Rec,9.795,25.4,8.74,442.5,8.22,6.03E-09,17.99,0,0.00254,110,2495,776,108,-666,2,362,492,773,411,400,6.28,1.88,6.53,1.18,0.7,0.24,8.65,,,,,,,,,,,,,,,,,,,
Fulton,2020.05.26,May,Rec,7.3075,25.5,8.59,444.6,8.18,6.61E-09,18.31,0,0.00254,122,2613,816,110,-694,12,362,492,773,411,400,5.32,2.15,7.13,1.38,0.77,0.25,9.53,,,,,,,,,,,,,,,,,,,
Tunnel Green,2020.05.26,May,Rec,8.7225,25.3,6.91,458.1,8.19,6.46E-09,20.57,0,0.00254,2142,5794,794,122,1348,2020,362,492,773,411,400,2.55,2.24,7.17,1.43,0.81,0.28,9.69,,,,,,,,,,,,,,,,,,,
Mouth,2020.05.26,May,Rec,14.95,23.7,7.31,459.7,8.18,6.61E-09,19.37,0,0.00254,168,3654,1515,2142,-1347,-1974,362,492,773,411,400,0,2.32,7.19,1.46,0.86,0.34,9.85,,,,,,,,,,,,,,,,,,,
Ranch Bar,2020.06.02,June,Rec,13.65,18.9,9.19,399.9,7.82,1.51E-08,,0.0254,0.00254,31,4352,86,168,-55,-137,307,618,2090,1783,443,29,0.3,5.51,0.24,0.06,0.03,5.84,,,,,,,,,,,,,,,,,,,
Cricket Hollow,2020.06.02,June,Rec,8.77,18,12.01,397.6,8.17,6.76E-09,,0.0254,0.00254,41,3784,31,31,10,10,307,618,2090,1783,443,25.4,0.31,5.55,0.25,0.06,0.03,5.89,,,,,,,,,,,,,,,,,,,
Grandstaff Run,2020.06.02,June,Rec,5.33,19.7,11.33,388.1,8.22,6.03E-09,,0.0254,0.00254,31,7701,41,41,-10,-10,307,618,2090,1783,443,19.5,0.31,5.54,0.25,0.06,0.03,5.88,,,,,,,,,,,,,,,,,,,
Britt's Run,2020.06.02,June,Rec,11.925,20.4,11.31,390.3,8.3,5.01E-09,,0.0254,0.00254,41,4352,52,31,-11,10,307,618,2090,1783,443,17.5,0.32,5.56,0.26,0.06,0.03,5.91,,,,,,,,,,,,,,,,,,,
County Line Bridge,2020.06.02,June,Rec,20.675,21.2,11.81,387.7,8.49,3.24E-09,,0.0254,0.00254,109,9208,20,41,89,68,307,618,2090,1783,443,15.3,0.4,5.61,0.33,0.07,0.03,6.04,,,,,,,,,,,,,,,,,,,
Elm Grove Park,2020.06.02,June,Rec,11.25,21.4,11.33,388.3,8.48,3.31E-09,,0.0254,0.00254,73,7701,120,109,-47,-36,307,618,2090,1783,443,12.9,0.64,5.76,0.49,0.15,0.05,6.45,,,,,,,,,,,,,,,,,,,
Junior Ave,2020.06.02,June,Rec,9.3725,21.3,11.73,391.9,8.41,3.89E-09,,0.0254,0.00254,20,8164,97,73,-77,-53,307,618,2090,1783,443,12.4,1.3,6.24,0.85,0.45,0.19,7.73,,,,,,,,,,,,,,,,,,,
Washington Ave,2020.06.02,June,Rec,7.345,20.9,11.34,403.6,8.3,5.01E-09,,0.0254,0.00254,1259,10462,108,20,1151,1239,307,618,2090,1783,443,8.3,1.68,6.48,1.08,0.6,0.22,8.38,,,,,,,,,,,,,,,,,,,
Kroger,2020.06.02,June,Rec,9.2175,21.1,10.1,416.7,8.41,3.89E-09,,0.0254,0.00254,683,10462,110,1259,573,-576,307,618,2090,1783,443,6.28,1.88,6.53,1.18,0.7,0.24,8.65,,,,,,,,,,,,,,,,,,,
Fulton,2020.06.02,June,Rec,8.5875,21.2,10.99,421.7,8.3,5.01E-09,,0.0254,0.00254,146,12997,122,683,24,-537,307,618,2090,1783,443,5.32,2.15,7.13,1.38,0.77,0.25,9.53,,,,,,,,,,,,,,,,,,,
Tunnel Green,2020.06.02,June,Rec,11.6,20.8,9.6,423.6,8.28,5.25E-09,,0.0254,0.00254,173,12033,2142,146,-1969,27,307,618,2090,1783,443,2.55,2.24,7.17,1.43,0.81,0.28,9.69,,,,,,,,,,,,,,,,,,,
Mouth,2020.06.02,June,Rec,157,19.9,9.02,428.8,8.08,8.32E-09,,0.0254,0.00254,238,9804,168,173,70,65,307,618,2090,1783,443,0,2.32,7.19,1.46,0.86,0.34,9.85,,,,,,,,,,,,,,,,,,,
Ranch Bar,2020.06.09,June,Rec,11.1,22.9,9.17,462.1,,,,0,1.9558,10,6488,31,238,-21,-228,217,336,547,330,222,29,0.3,5.51,0.24,0.06,0.03,5.84,,,,,,,,,,,,,,,,,,,
Cricket Hollow,2020.06.09,June,Rec,8.825,23.7,10.03,438.2,,,,0,1.9558,31,19863,41,10,-10,21,217,336,547,330,222,25.4,0.31,5.55,0.25,0.06,0.03,5.89,,,,,,,,,,,,,,,,,,,
Grandstaff Run,2020.06.09,June,Rec,5.055,24.1,9.34,448.5,,,,0,1.9558,10,12033,31,31,-21,-21,217,336,547,330,222,19.5,0.31,5.54,0.25,0.06,0.03,5.88,,,,,,,,,,,,,,,,,,,
Britt's Run,2020.06.09,June,Rec,9.445,24.7,9.45,463.5,,,,0,1.9558,52,15531,41,10,11,42,217,336,547,330,222,17.5,0.32,5.56,0.26,0.06,0.03,5.91,,,,,,,,,,,,,,,,,,,
County Line Bridge,2020.06.09,June,Rec,6.6125,25.5,10.1,453.3,,,,0,1.9558,63,14136,109,52,-46,11,217,336,547,330,222,15.3,0.4,5.61,0.33,0.07,0.03,6.04,,,,,,,,,,,,,,,,,,,
Elm Grove Park,2020.06.09,June,Rec,7.7825,24.7,9.21,459.2,,,,0,1.9558,134,15531,73,63,61,71,217,336,547,330,222,12.9,0.64,5.76,0.49,0.15,0.05,6.45,,,,,,,,,,,,,,,,,,,
Junior Ave,2020.06.09,June,Rec,7.69,24.9,9.53,463.8,,,,0,1.9558,85,9208,20,134,65,-49,217,336,547,330,222,12.4,1.3,6.24,0.85,0.45,0.19,7.73,,,,,,,,,,,,,,,,,,,
Washington Ave,2020.06.09,June,Rec,5.4725,25.2,10.85,475.7,,,,0,1.9558,305,15531,1259,85,-954,220,217,336,547,330,222,8.3,1.68,6.48,1.08,0.6,0.22,8.38,,,,,,,,,,,,,,,,,,,
Kroger,2020.06.09,June,Rec,10.01,24.6,9.32,482.7,,,,0,1.9558,155,7701,683,305,-528,-150,217,336,547,330,222,6.28,1.88,6.53,1.18,0.7,0.24,8.65,,,,,,,,,,,,,,,,,,,
Fulton,2020.06.09,June,Rec,8.085,24.6,8.41,488,,,,0,1.9558,171,8164,146,155,25,16,217,336,547,330,222,5.32,2.15,7.13,1.38,0.77,0.25,9.53,,,,,,,,,,,,,,,,,,,
Tunnel Green,2020.06.09,June,Rec,7.3225,24.4,10.03,491.7,,,,0,1.9558,31,4352,173,171,-142,-140,217,336,547,330,222,2.55,2.24,7.17,1.43,0.81,0.28,9.69,,,,,,,,,,,,,,,,,,,
Mouth,2020.06.09,June,Rec,51.85,22.8,7.44,490.6,,,,0,1.9558,148,6867,238,31,-90,117,217,336,547,330,222,0,2.32,7.19,1.46,0.86,0.34,9.85,,,,,,,,,,,,,,,,,,,
Ranch Bar,2020.06.16,June,Rec,11.4,21.4,8.57,510,8.29,5.13E-09,27.8,0,0.00254,52,4611,10,148,42,-96,58,101,277,219,60,29,0.3,5.51,0.24,0.06,0.03,5.84,,,,,,,,,,,,,,,,,,,
Cricket Hollow,2020.06.16,June,Rec,10.9375,21.8,8.71,505.4,8.31,4.90E-09,29.1,0,0.00254,20,5794,31,52,-11,-32,58,101,277,219,60,25.4,0.31,5.55,0.25,0.06,0.03,5.89,,,,,,,,,,,,,,,,,,,
Grandstaff Run,2020.06.16,June,Rec,7.69,21.9,9.23,475.8,8.39,4.07E-09,26.17,0,0.00254,10,7270,10,20,0,-10,58,101,277,219,60,19.5,0.31,5.54,0.25,0.06,0.03,5.88,,,,,,,,,,,,,,,,,,,
Britt's Run,2020.06.16,June,Rec,8.39,22.3,8.46,480.7,8.4,3.98E-09,26.28,0,0.00254,31,6867,52,10,-21,21,58,101,277,219,60,17.5,0.32,5.56,0.26,0.06,0.03,5.91,,,,,,,,,,,,,,,,,,,
County Line Bridge,2020.06.16,June,Rec,8.1225,24.1,9.71,494.6,8.39,4.07E-09,23.4,0,0.00254,52,4611,63,31,-11,21,58,101,277,219,60,15.3,0.4,5.61,0.33,0.07,0.03,6.04,,,,,,,,,,,,,,,,,,,
Elm Grove Park,2020.06.16,June,Rec,8.7325,22.9,9.61,458.2,8.31,4.90E-09,20.02,0,0.00254,97,7701,134,52,-37,45,58,101,277,219,60,12.9,0.64,5.76,0.49,0.15,0.05,6.45,,,,,,,,,,,,,,,,,,,
Junior Ave,2020.06.16,June,Rec,10.3575,23.2,9.95,500.5,8.41,3.89E-09,24.83,0,0.00254,110,6867,85,97,25,13,58,101,277,219,60,12.4,1.3,6.24,0.85,0.45,0.19,7.73,,,,,,,,,,,,,,,,,,,
Washington Ave,2020.06.16,June,Rec,7.415,24,11.19,511,8.55,2.82E-09,33.18,0,0.00254,279,5172,305,110,-26,169,58,101,277,219,60,8.3,1.68,6.48,1.08,0.6,0.22,8.38,,,,,,,,,,,,,,,,,,,
Kroger,2020.06.16,June,Rec,23.25,22.6,8.83,521.5,8.52,3.02E-09,36.47,0,0.00254,323,8164,155,279,168,44,58,101,277,219,60,6.28,1.88,6.53,1.18,0.7,0.24,8.65,,,,,,,,,,,,,,,,,,,
Fulton,2020.06.16,June,Rec,7.675,22.2,9.53,529,8.48,3.31E-09,33.21,0,0.00254,75,4106,171,323,-96,-248,58,101,277,219,60,5.32,2.15,7.13,1.38,0.77,0.25,9.53,,,,,,,,,,,,,,,,,,,
Tunnel Green,2020.06.16,June,Rec,9.28,22.5,9.25,515.7,8.48,3.31E-09,37.77,0,0.00254,120,5475,31,75,89,45,58,101,277,219,60,2.55,2.24,7.17,1.43,0.81,0.28,9.69,,,,,,,,,,,,,,,,,,,
Mouth,2020.06.16,June,Rec,6.865,24.8,6.73,354.5,8.4,3.98E-09,34.77,0,0.00254,41,1187,148,120,-107,-79,58,101,277,219,60,0,2.32,7.19,1.46,0.86,0.34,9.85,,,,,,,,,,,,,,,,,,,
Ranch Bar,2020.06.30,June,Rec,10.03,23,9.12,562,8.34,4.57E-09,30.75,0.1778,0.2286,85,7701,52,41,33,44,40,73,131,91,319,29,0.3,5.51,0.24,0.06,0.03,5.84,,,,,,,,,,,,,,,,,,,
Cricket Hollow,2020.06.30,June,Rec,9.555,23.9,9.58,617,8.42,3.80E-09,22.32,0.1778,0.2286,85,12997,20,85,65,0,40,73,131,91,319,25.4,0.31,5.55,0.25,0.06,0.03,5.89,,,,,,,,,,,,,,,,,,,
Grandstaff Run,2020.06.30,June,Rec,5.335,23.5,7.75,431.6,8.23,5.89E-09,14.09,0.1778,0.2286,109,8664,10,85,99,24,40,73,131,91,319,19.5,0.31,5.54,0.25,0.06,0.03,5.88,,,,,,,,,,,,,,,,,,,
Britt's Run,2020.06.30,June,Rec,8.95,23.8,8.74,502.6,8.39,4.07E-09,20.06,0.1778,0.2286,156,15531,31,109,125,47,40,73,131,91,319,17.5,0.32,5.56,0.26,0.06,0.03,5.91,,,,,,,,,,,,,,,,,,,
County Line Bridge,2020.06.30,June,Rec,5.41,25.6,9.68,604,8.63,2.34E-09,20.12,0.1778,0.2286,131,9804,52,156,79,-25,40,73,131,91,319,15.3,0.4,5.61,0.33,0.07,0.03,6.04,,,,,,,,,,,,,,,,,,,
Elm Grove Park,2020.06.30,June,Rec,5.22,23.9,7.51,499.4,8.34,4.57E-09,18.41,0.1778,0.2286,292,12033,97,131,195,161,40,73,131,91,319,12.9,0.64,5.76,0.49,0.15,0.05,6.45,,,,,,,,,,,,,,,,,,,
Junior Ave,2020.06.30,June,Rec,7.13,24.6,9.46,499.4,8.47,3.39E-09,19.82,0.1778,0.2286,244,14540,110,292,134,-48,40,73,131,91,319,12.4,1.3,6.24,0.85,0.45,0.19,7.73,,,,,,,,,,,,,,,,,,,
Washington Ave,2020.06.30,June,Rec,6.205,25.2,9.69,503,8.49,3.24E-09,20.62,0.1778,0.2286,320,14540,279,244,41,76,40,73,131,91,319,8.3,1.68,6.48,1.08,0.6,0.22,8.38,,,,,,,,,,,,,,,,,,,
Kroger,2020.06.30,June,Rec,17.5,24.2,8.22,506.4,8.47,3.39E-09,21.15,0.1778,0.2286,218,15402,323,320,-105,-102,40,73,131,91,319,6.28,1.88,6.53,1.18,0.7,0.24,8.65,,,,,,,,,,,,,,,,,,,
Fulton,2020.06.30,June,Rec,5.07,24,8.73,570,8.44,3.63E-09,21.58,0.1778,0.2286,336,10950,75,218,261,118,40,73,131,91,319,5.32,2.15,7.13,1.38,0.77,0.25,9.53,,,,,,,,,,,,,,,,,,,
Tunnel Green,2020.06.30,June,Rec,5.78,24.3,7.92,520,8.32,4.79E-09,21.56,0.1778,0.2286,220,13734,120,336,100,-116,40,73,131,91,319,2.55,2.24,7.17,1.43,0.81,0.28,9.69,,,,,,,,,,,,,,,,,,,
Mouth,2020.06.30,June,Rec,68.7,25.5,6.15,424.6,7.83,1.48E-08,22.96,0.1778,0.2286,170,3446,41,220,129,-50,40,73,131,91,319,0,2.32,7.19,1.46,0.86,0.34,9.85,,,,,,,,,,,,,,,,,,,
Ranch Bar,2020.07.07,July,Rec,12.5,27.1,7.07,501,8.23,5.89E-09,19.06,0.0254,0,41,24196,85,170,-44,-129,21,81,298,277,24,29,0.3,5.51,0.24,0.06,0.03,5.84,,,,,,,,,,,,,,,,,,,
Cricket Hollow,2020.07.07,July,Rec,10.23,28.4,6.69,469.8,8.32,4.79E-09,18.41,0.0254,0,10,24196,85,41,-75,-31,21,81,298,277,24,25.4,0.31,5.55,0.25,0.06,0.03,5.89,,,,,,,,,,,,,,,,,,,
Grandstaff Run,2020.07.07,July,Rec,9.4625,26.9,7.38,470.9,8.28,5.25E-09,17.35,0.0254,0,20,24196,109,10,-89,10,21,81,298,277,24,19.5,0.31,5.54,0.25,0.06,0.03,5.88,,,,,,,,,,,,,,,,,,,
Britt's Run,2020.07.07,July,Rec,7.26,27.2,6.57,470.9,8.31,4.90E-09,16.87,0.0254,0,31,24196,156,20,-125,11,21,81,298,277,24,17.5,0.32,5.56,0.26,0.06,0.03,5.91,,,,,,,,,,,,,,,,,,,
County Line Bridge,2020.07.07,July,Rec,8.85,29.1,7.91,473,8.37,4.27E-09,17.17,0.0254,0,52,19863,131,31,-79,21,21,81,298,277,24,15.3,0.4,5.61,0.33,0.07,0.03,6.04,,,,,,,,,,,,,,,,,,,
Elm Grove Park,2020.07.07,July,Rec,13.75,28.2,6.3,409,8.1,7.94E-09,18.2,0.0254,0,303,24196,292,52,11,251,21,81,298,277,24,12.9,0.64,5.76,0.49,0.15,0.05,6.45,,,,,,,,,,,,,,,,,,,
Junior Ave,2020.07.07,July,Rec,9.5275,27.2,8.37,509,8.33,4.68E-09,22.48,0.0254,0,386,48392,244,303,142,83,21,81,298,277,24,12.4,1.3,6.24,0.85,0.45,0.19,7.73,,,,,,,,,,,,,,,,,,,
Washington Ave,2020.07.07,July,Rec,4.625,29.4,8.98,525,8.48,3.31E-09,23.77,0.0254,0,244,39726,320,386,-76,-142,21,81,298,277,24,8.3,1.68,6.48,1.08,0.6,0.22,8.38,,,,,,,,,,,,,,,,,,,
Kroger,2020.07.07,July,Rec,23.45,28.3,7.82,522,8.46,3.47E-09,23.9,0.0254,0,1552,24066,218,244,1334,1308,21,81,298,277,24,6.28,1.88,6.53,1.18,0.7,0.24,8.65,,,,,,,,,,,,,,,,,,,
Fulton,2020.07.07,July,Rec,9.2425,28.1,8.5,537,8.46,3.47E-09,25.4,0.0254,0,150,12262,336,1552,-186,-1402,21,81,298,277,24,5.32,2.15,7.13,1.38,0.77,0.25,9.53,,,,,,,,,,,,,,,,,,,
Tunnel Green,2020.07.07,July,Rec,8.2425,28.7,7.64,548,8.32,4.79E-09,25.46,0.0254,0,462,12262,220,150,242,312,21,81,298,277,24,2.55,2.24,7.17,1.43,0.81,0.28,9.69,,,,,,,,,,,,,,,,,,,
Mouth,2020.07.07,July,Rec,11.7675,29.5,5.22,501,8.06,8.71E-09,24.5,0.0254,0,242,9222,170,462,72,-220,21,81,298,277,24,0,2.32,7.19,1.46,0.86,0.34,9.85,,,,,,,,,,,,,,,,,,,
Ranch Bar,2020.07.14,July,Rec,8.085,25.4,7.95,886,8.31,4.90E-09,24.12,0,0,10,14136,41,242,-31,-232,12,19,38,26,16,29,0.3,5.51,0.24,0.06,0.03,5.84,,,,,,,,,,,,,,,,,,,
Cricket Hollow,2020.07.14,July,Rec,9.1225,26.7,7.26,791,8.44,3.63E-09,24.07,0,0,20,19863,10,10,10,10,12,19,38,26,16,25.4,0.31,5.55,0.25,0.06,0.03,5.89,,,,,,,,,,,,,,,,,,,
Grandstaff Run,2020.07.14,July,Rec,5.2225,25,8.06,782,8.32,4.79E-09,17,0,0,52,24196,20,20,32,32,12,19,38,26,16,19.5,0.31,5.54,0.25,0.06,0.03,5.88,,,,,,,,,,,,,,,,,,,
Britt's Run,2020.07.14,July,Rec,6.935,25.6,7.04,812,8.45,3.55E-09,19.17,0,0,10,24196,31,52,-21,-42,12,19,38,26,16,17.5,0.32,5.56,0.26,0.06,0.03,5.91,,,,,,,,,,,,,,,,,,,
County Line Bridge,2020.07.14,July,Rec,7.59,28.1,8.94,817,8.63,2.34E-09,20.92,0,0,10,14136,52,10,-42,0,12,19,38,26,16,15.3,0.4,5.61,0.33,0.07,0.03,6.04,,,,,,,,,,,,,,,,,,,
Elm Grove Park,2020.07.14,July,Rec,11.9,26.4,8.39,821,8.46,3.47E-09,20.74,0,0,292,15531,303,10,-11,282,12,19,38,26,16,12.9,0.64,5.76,0.49,0.15,0.05,6.45,,,,,,,,,,,,,,,,,,,
Junior Ave,2020.07.14,July,Rec,5.93,26.2,9.15,858,8.46,3.47E-09,26.02,0,0,350,25994,386,292,-36,58,12,19,38,26,16,12.4,1.3,6.24,0.85,0.45,0.19,7.73,,,,,,,,,,,,,,,,,,,
Washington Ave,2020.07.14,July,Rec,4.03,27.8,10.75,878,8.63,2.34E-09,29.52,0,0,1542,28272,244,350,1298,1192,12,19,38,26,16,8.3,1.68,6.48,1.08,0.6,0.22,8.38,,,,,,,,,,,,,,,,,,,
Kroger,2020.07.14,July,Rec,5.685,26.5,9.72,892,8.64,2.29E-09,31.57,0,0,718,39726,1552,1542,-834,-824,12,19,38,26,16,6.28,1.88,6.53,1.18,0.7,0.24,8.65,,,,,,,,,,,,,,,,,,,
Fulton,2020.07.14,July,Rec,5.4425,26.4,8.6,907,8.61,2.45E-09,32.7,0,0,264,34658,150,718,114,-454,12,19,38,26,16,5.32,2.15,7.13,1.38,0.77,0.25,9.53,,,,,,,,,,,,,,,,,,,
Tunnel Green,2020.07.14,July,Rec,7.6975,26.3,8.39,944,8.35,4.47E-09,33.57,0,0,262,28272,462,264,-200,-2,12,19,38,26,16,2.55,2.24,7.17,1.43,0.81,0.28,9.69,,,,,,,,,,,,,,,,,,,
Mouth,2020.07.14,July,Rec,10.65,29.1,5.09,650,7.74,1.82E-08,24.32,0,0,82,3836,242,262,-160,-180,12,19,38,26,16,0,2.32,7.19,1.46,0.86,0.34,9.85,,,,,,,,,,,,,,,,,,,
Ranch Bar,2020.07.28,July,Rec,9.2,28.2,7.52,470.2,8.53,2.95E-09,29.64,0.1016,0,1010,17329,10,82,1000,928,15,26,45,30,22,29,0.3,5.51,0.24,0.06,0.03,5.84,,,,,,,,,,,,,,,,,,,
Cricket Hollow,2020.07.28,July,Rec,10.0725,27.8,6.93,464.9,8.58,2.63E-09,27.5,0.1016,0,20,12033,20,1010,0,-990,15,26,45,30,22,25.4,0.31,5.55,0.25,0.06,0.03,5.89,,,,,,,,,,,,,,,,,,,
Grandstaff Run,2020.07.28,July,Rec,6.3075,27.5,7.64,443.6,8.58,2.63E-09,24.94,0.1016,0,109,24196,52,20,57,89,15,26,45,30,22,19.5,0.31,5.54,0.25,0.06,0.03,5.88,,,,,,,,,,,,,,,,,,,
Britt's Run,2020.07.28,July,Rec,7.6525,28.6,6.92,446.5,8.67,2.14E-09,24.77,0.1016,0,51,19863,10,109,41,-58,15,26,45,30,22,17.5,0.32,5.56,0.26,0.06,0.03,5.91,,,,,,,,,,,,,,,,,,,
County Line Bridge,2020.07.28,July,Rec,9.0175,28.3,8.47,422,8.69,2.04E-09,24.68,0.1016,0,85,24196,10,51,75,34,15,26,45,30,22,15.3,0.4,5.61,0.33,0.07,0.03,6.04,,,,,,,,,,,,,,,,,,,
Elm Grove Park,2020.07.28,July,Rec,12.3,27.9,9.94,432.3,8.67,2.14E-09,25.02,0.1016,0,884,24196,292,85,592,799,15,26,45,30,22,12.9,0.64,5.76,0.49,0.15,0.05,6.45,,,,,,,,,,,,,,,,,,,
Junior Ave,2020.07.28,July,Rec,12.4,26.5,8.78,440.9,8.44,3.63E-09,30.45,0.1016,0,1043,24196,350,884,693,159,15,26,45,30,22,12.4,1.3,6.24,0.85,0.45,0.19,7.73,,,,,,,,,,,,,,,,,,,
Washington Ave,2020.07.28,July,Rec,11.85,29.5,8.08,391.3,8.41,3.89E-09,34.69,0.1016,0,2489,24196,1542,1043,947,1446,15,26,45,30,22,8.3,1.68,6.48,1.08,0.6,0.22,8.38,,,,,,,,,,,,,,,,,,,
Kroger,2020.07.28,July,Rec,19.95,29.1,7.15,473,8.31,4.90E-09,34.63,0.1016,0,5172,24196,718,2489,4454,2683,15,26,45,30,22,6.28,1.88,6.53,1.18,0.7,0.24,8.65,,,,,,,,,,,,,,,,,,,
Fulton,2020.07.28,July,Rec,10.195,27.7,6.65,490,8.22,6.03E-09,37.25,0.1016,0,3255,24196,264,5172,2991,-1917,15,26,45,30,22,5.32,2.15,7.13,1.38,0.77,0.25,9.53,,,,,,,,,,,,,,,,,,,
Tunnel Green,2020.07.28,July,Rec,11.475,28.3,7.03,389.1,8.17,6.76E-09,35.37,0.1016,0,3255,24196,262,3255,2993,0,15,26,45,30,22,2.55,2.24,7.17,1.43,0.81,0.28,9.69,,,,,,,,,,,,,,,,,,,
Mouth,2020.07.28,July,Rec,19.95,29.1,7.15,473,8.31,4.90E-09,34.63,0.1016,0,171,4352,82,3255,89,-3084,15,26,45,30,22,0,2.32,7.19,1.46,0.86,0.34,9.85,,,,,,,,,,,,,,,,,,,
Ranch Bar,2020.08.04,August,Rec,6.4975,24.7,7.57,604,8.48,,,0,1.0922,63,19863,1010,171,-947,-108,18,43,176,158,41,29,0.3,5.51,0.24,0.06,0.03,5.84,,,,,,,,,,,,,,,,,,,
Cricket Hollow,2020.08.04,August,Rec,9.015,25.6,8.37,574,9.19,,,0,1.0922,30,15531,20,63,10,-33,18,43,176,158,41,25.4,0.31,5.55,0.25,0.06,0.03,5.89,,,,,,,,,,,,,,,,,,,
Grandstaff Run,2020.08.04,August,Rec,5.765,24.4,7.93,545,8.46,,,0,1.0922,63,24196,109,30,-46,33,18,43,176,158,41,19.5,0.31,5.54,0.25,0.06,0.03,5.88,,,,,,,,,,,,,,,,,,,
Britt's Run,2020.08.04,August,Rec,6.6925,24.7,5.85,547,8.53,,,0,1.0922,74,24196,51,63,23,11,18,43,176,158,41,17.5,0.32,5.56,0.26,0.06,0.03,5.91,,,,,,,,,,,,,,,,,,,
County Line Bridge,2020.08.04,August,Rec,6.9575,25.8,9.15,540,8.74,,,0,1.0922,199,24196,85,74,114,125,18,43,176,158,41,15.3,0.4,5.61,0.33,0.07,0.03,6.04,,,,,,,,,,,,,,,,,,,
Elm Grove Park,2020.08.04,August,Rec,4.735,24.8,8.32,538,8.53,,,0,1.0922,404,24196,884,199,-480,205,18,43,176,158,41,12.9,0.64,5.76,0.49,0.15,0.05,6.45,,,,,,,,,,,,,,,,,,,
Junior Ave,2020.08.04,August,Rec,8.54,24.7,8.8,548,8.54,,,0,1.0922,426,24196,1043,404,-617,22,18,43,176,158,41,12.4,1.3,6.24,0.85,0.45,0.19,7.73,,,,,,,,,,,,,,,,,,,
Washington Ave,2020.08.04,August,Rec,9.2175,27.1,9.14,554,8.62,,,0,1.0922,1935,24196,2489,426,-554,1509,18,43,176,158,41,8.3,1.68,6.48,1.08,0.6,0.22,8.38,,,,,,,,,,,,,,,,,,,
Kroger,2020.08.04,August,Rec,16.75,25.9,6.04,572,8.38,,,0,1.0922,2224,24196,5172,1935,-2948,289,18,43,176,158,41,6.28,1.88,6.53,1.18,0.7,0.24,8.65,,,,,,,,,,,,,,,,,,,
Fulton,2020.08.04,August,Rec,6.5325,24.9,5.73,580,8.34,,,0,1.0922,305,24196,3255,2224,-2950,-1919,18,43,176,158,41,5.32,2.15,7.13,1.38,0.77,0.25,9.53,,,,,,,,,,,,,,,,,,,
Tunnel Green,2020.08.04,August,Rec,13.225,25.9,6.71,594,8.28,,,0,1.0922,336,24196,3255,305,-2919,31,18,43,176,158,41,2.55,2.24,7.17,1.43,0.81,0.28,9.69,,,,,,,,,,,,,,,,,,,
Mouth,2020.08.04,August,Rec,4.795,28.7,6.12,425.3,7.84,,,0,1.0922,9,3076,171,336,-162,-327,18,43,176,158,41,0,2.32,7.19,1.46,0.86,0.34,9.85,,,,,,,,,,,,,,,,,,,
Ranch Bar,2020.08.11,August,Rec,7.215,24.9,6.85,548,8.4,,71.84,1.778,0,96,17329,63,9,33,87,11,19,32,21,13,29,0.3,5.51,0.24,0.06,0.03,5.84,,,,,,,,,,,,,,,,,,,
Cricket Hollow,2020.08.11,August,Rec,18.775,24.2,5.48,543,8.35,,62.11,1.778,0,318,24196,30,96,288,222,11,19,32,21,13,25.4,0.31,5.55,0.25,0.06,0.03,5.89,,,,,,,,,,,,,,,,,,,
Grandstaff Run,2020.08.11,August,Rec,7,24.8,7.31,531,8.44,,58.84,1.778,0,189,19863,63,318,126,-129,11,19,32,21,13,19.5,0.31,5.54,0.25,0.06,0.03,5.88,,,,,,,,,,,,,,,,,,,
Britt's Run,2020.08.11,August,Rec,7.1525,25.3,6.2,540,8.52,,61.03,1.778,0,278,24196,74,189,204,89,11,19,32,21,13,17.5,0.32,5.56,0.26,0.06,0.03,5.91,,,,,,,,,,,,,,,,,,,
County Line Bridge,2020.08.11,August,Rec,7.315,25.7,8.71,530,8.56,,60.11,1.778,0,107,19863,199,278,-92,-171,11,19,32,21,13,15.3,0.4,5.61,0.33,0.07,0.03,6.04,,,,,,,,,,,,,,,,,,,
Elm Grove Park,2020.08.11,August,Rec,11.2,26.7,8.76,529,8.64,,60.73,1.778,0,538,24196,404,107,134,431,11,19,32,21,13,12.9,0.64,5.76,0.49,0.15,0.05,6.45,,,,,,,,,,,,,,,,,,,
Junior Ave,2020.08.11,August,Rec,12.1,26.4,9.06,559,8.47,,70.66,1.778,0,1918,19863,426,538,1492,1380,11,19,32,21,13,12.4,1.3,6.24,0.85,0.45,0.19,7.73,,,,,,,,,,,,,,,,,,,
Washington Ave,2020.08.11,August,Rec,7.7775,26.9,9.21,556,8.47,,70.66,1.778,0,7270,24196,1935,1918,5335,5352,11,19,32,21,13,8.3,1.68,6.48,1.08,0.6,0.22,8.38,,,,,,,,,,,,,,,,,,,
Kroger,2020.08.11,August,Rec,10.4625,26.9,5.31,573,8.15,,76.35,1.778,0,24196,24196,2224,7270,21972,16926,11,19,32,21,13,6.28,1.88,6.53,1.18,0.7,0.24,8.65,,,,,,,,,,,,,,,,,,,
Fulton,2020.08.11,August,Rec,8.94,26,6.87,585,8.13,,77.76,1.778,0,11199,24196,305,24196,10894,-12997,11,19,32,21,13,5.32,2.15,7.13,1.38,0.77,0.25,9.53,,,,,,,,,,,,,,,,,,,
Tunnel Green,2020.08.11,August,Rec,14.1,27.2,6,663,8.11,,86.89,1.778,0,1246,24196,336,11199,910,-9953,11,19,32,21,13,2.55,2.24,7.17,1.43,0.81,0.28,9.69,,,,,,,,,,,,,,,,,,,
Mouth,2020.08.11,August,Rec,5.965,29.6,7.37,415.8,8.05,,59.23,1.778,0,146,3654,9,1246,137,-1100,11,19,32,21,13,0,2.32,7.19,1.46,0.86,0.34,9.85,,,,,,,,,,,,,,,,,,,
Ranch Bar,2020.08.18,August,Rec,5.3175,25,7.44,582,8.44,,45.76,0,0,10,6131,96,146,-86,-136,11,15,21,11,17,29,0.3,5.51,0.24,0.06,0.03,5.84,,,,,,,,,,,,,,,,,,,
Cricket Hollow,2020.08.18,August,Rec,8.1975,24.3,6.35,587,8.43,,43.88,0,0,41,14136,318,10,-277,31,11,15,21,11,17,25.4,0.31,5.55,0.25,0.06,0.03,5.89,,,,,,,,,,,,,,,,,,,
Grandstaff Run,2020.08.18,August,Rec,6.02,24.4,8.2,559,8.5,,47.71,0,0,10,14136,189,41,-179,-31,11,15,21,11,17,19.5,0.31,5.54,0.25,0.06,0.03,5.88,,,,,,,,,,,,,,,,,,,
Britt's Run,2020.08.18,August,Rec,6.4475,25.6,6.92,559,8.63,,49.65,0,0,41,14136,278,10,-237,31,11,15,21,11,17,17.5,0.32,5.56,0.26,0.06,0.03,5.91,,,,,,,,,,,,,,,,,,,
County Line Bridge,2020.08.18,August,Rec,7.195,25.2,9.19,558,8.67,,48.36,0,0,9,10462,107,41,-98,-32,11,15,21,11,17,15.3,0.4,5.61,0.33,0.07,0.03,6.04,,,,,,,,,,,,,,,,,,,
Elm Grove Park,2020.08.18,August,Rec,10.8075,25.3,7.41,551,8.41,,46.56,0,0,2987,19836,538,9,2449,2978,11,15,21,11,17,12.9,0.64,5.76,0.49,0.15,0.05,6.45,,,,,,,,,,,,,,,,,,,
Junior Ave,2020.08.18,August,Rec,9.35,25.4,9.42,584,8.55,,59.47,0,0,332,12997,1918,2987,-1586,-2655,11,15,21,11,17,12.4,1.3,6.24,0.85,0.45,0.19,7.73,,,,,,,,,,,,,,,,,,,
Washington Ave,2020.08.18,August,Rec,5.595,27,8.45,603,8.61,,65.74,0,0,316,17328,7270,332,-6954,-16,11,15,21,11,17,8.3,1.68,6.48,1.08,0.6,0.22,8.38,,,,,,,,,,,,,,,,,,,
Kroger,2020.08.18,August,Rec,6.9875,26,7.02,622,8.38,,58.15,0,0,1008,25994,24196,316,-23188,692,11,15,21,11,17,6.28,1.88,6.53,1.18,0.7,0.24,8.65,,,,,,,,,,,,,,,,,,,
Fulton,2020.08.18,August,Rec,5.5475,24.7,7.75,624,8.34,,63.75,0,0,126,11588,11199,1008,-11073,-882,11,15,21,11,17,5.32,2.15,7.13,1.38,0.77,0.25,9.53,,,,,,,,,,,,,,,,,,,
Tunnel Green,2020.08.18,August,Rec,13.725,25.3,6.55,664,8.14,,68.46,0,0,148,22398,1246,126,-1098,22,11,15,21,11,17,2.55,2.24,7.17,1.43,0.81,0.28,9.69,,,,,,,,,,,,,,,,,,,
Mouth,2020.08.18,August,Rec,4.4975,28.4,6.21,445.3,7.94,,53.06,0,0,9,6510,146,148,-137,-139,11,15,21,11,17,0,2.32,7.19,1.46,0.86,0.34,9.85,,,,,,,,,,,,,,,,,,,
Ranch Bar,2020.08.25,August,Rec,4.74,27.9,7.53,603,8.55,,49.45,0.0254,0.0254,20,6488,10,9,10,11,,,,,,29,0.3,5.51,0.24,0.06,0.03,5.84,,,,,,,,,,,,,,,,,,,
Cricket Hollow,2020.08.25,August,Rec,7.665,27.1,6.1,599,8.32,,46.83,0.0254,0.0254,41,7270,41,20,0,21,,,,,,25.4,0.31,5.55,0.25,0.06,0.03,5.89,,,,,,,,,,,,,,,,,,,
Grandstaff Run,2020.08.25,August,Rec,2.66,26.8,7.35,465.3,8.39,,32.14,0.0254,0.0254,164,6867,10,41,154,123,,,,,,19.5,0.31,5.54,0.25,0.06,0.03,5.88,,,,,,,,,,,,,,,,,,,
Britt's Run,2020.08.25,August,Rec,11.7,29.2,6.12,546,8.52,,51.42,0.0254,0.0254,63,8164,41,164,22,-101,,,,,,17.5,0.32,5.56,0.26,0.06,0.03,5.91,,,,,,,,,,,,,,,,,,,
County Line Bridge,2020.08.25,August,Rec,6.715,29.2,8.63,543,8.72,,45.79,0.0254,0.0254,31,12997,9,63,22,-32,,,,,,15.3,0.4,5.61,0.33,0.07,0.03,6.04,,,,,,,,,,,,,,,,,,,
Elm Grove Park,2020.08.25,August,Rec,10.4275,29.3,9.31,536,8.64,,43.88,0.0254,0.0254,959,19863,2987,31,-2028,928,,,,,,12.9,0.64,5.76,0.49,0.15,0.05,6.45,,,,,,,,,,,,,,,,,,,
Junior Ave,2020.08.25,August,Rec,11.15,28.6,9.6,565,8.59,,65.94,0.0254,0.0254,359,19863,332,959,27,-600,,,,,,12.4,1.3,6.24,0.85,0.45,0.19,7.73,,,,,,,,,,,,,,,,,,,
Washington Ave,2020.08.25,August,Rec,33.55,27,4.86,460.6,7.96,,44.21,0.0254,0.0254,48392,48392,316,359,48076,48033,,,,,,8.3,1.68,6.48,1.08,0.6,0.22,8.38,,,,,,,,,,,,,,,,,,,
Kroger,2020.08.25,August,Rec,27.75,27,5.38,514,8.1,,67,0.0254,0.0254,48392,48392,1008,48392,47384,0,,,,,,6.28,1.88,6.53,1.18,0.7,0.24,8.65,,,,,,,,,,,,,,,,,,,
Fulton,2020.08.25,August,Rec,27.075,26.9,5.47,473.8,8.14,,57.47,0.0254,0.0254,48392,48392,126,48392,48266,0,,,,,,5.32,2.15,7.13,1.38,0.77,0.25,9.53,,,,,,,,,,,,,,,,,,,
Tunnel Green,2020.08.25,August,Rec,23.25,25.9,4.68,610,7.97,,73.67,0.0254,0.0254,28272,28272,148,48392,28124,-20120,,,,,,2.55,2.24,7.17,1.43,0.81,0.28,9.69,,,,,,,,,,,,,,,,,,,
Mouth,2020.08.25,August,Rec,7.55,27.7,4.46,437.4,7.79,,50.03,0.0254,0.0254,4764,5818,9,28272,4755,-23508,,,,,,0,2.32,7.19,1.46,0.86,0.34,9.85,,,,,,,,,,,,,,,,,,,
Ranch Bar,2020.09.01,September,Rec,38.175,23,6.89,370,8.07,,39.31,0.00254,2.286,109,24196,20,4764,89,-4655,,,,,,,,,,,,,,,,,,,,,,,,,,,,,,,
Cricket Hollow,2020.09.02,September,Rec,45.675,23.9,6.44,550,8.18,,38.4,0.00254,2.286,30,19863,41,24196,-11,-24166,,,,,,,,,,,,,,,,,,,,,,,,,,,,,,,
Grandstaff Run,2020.09.03,September,Rec,18.125,23.3,7.2,541,8.18,,38.6,0.00254,2.286,96,24196,164,19863,-68,-19767,,,,,,,,,,,,,,,,,,,,,,,,,,,,,,,
Britt's Run,2020.09.04,September,Rec,28.75,24.2,6.4,535,8.23,,42.19,0.00254,2.286,41,24196,63,24196,-22,-24155,,,,,,,,,,,,,,,,,,,,,,,,,,,,,,,
County Line Bridge,2020.09.05,September,Rec,28.95,25.8,7.21,546,8.29,,22.38,0.00254,2.286,84,24196,31,24196,53,-24112,,,,,,,,,,,,,,,,,,,,,,,,,,,,,,,
Elm Grove Park,2020.09.06,September,Rec,41.775,23.9,7.46,553,8.16,,45.23,0.00254,2.286,328,24196,959,24196,-631,-23868,,,,,,,,,,,,,,,,,,,,,,,,,,,,,,,
Junior Ave,2020.09.07,September,Rec,40.25,24.2,7.91,567,8.19,,48.28,0.00254,2.286,398,48392,359,24196,39,-23798,,,,,,,,,,,,,,,,,,,,,,,,,,,,,,,
Washington Ave,2020.09.08,September,Rec,24.875,25.2,7.22,313.8,8.18,,51.7,0.00254,2.286,216,48392,48392,48392,-48176,-48176,,,,,,,,,,,,,,,,,,,,,,,,,,,,,,,
Kroger,2020.09.09,September,Rec,26.1,24.7,6.92,582,8.25,,54.16,0.00254,2.286,806,28272,48392,48392,-47586,-47586,,,,,,,,,,,,,,,,,,,,,,,,,,,,,,,
Fulton,2020.09.10,September,Rec,24.05,24.7,6.51,591,8.16,,60.48,0.00254,2.286,422,48392,48392,28272,-47970,-27850,,,,,,,,,,,,,,,,,,,,,,,,,,,,,,,
Tunnel Green,2020.09.11,September,Rec,41,24.8,5.44,591,8.08,,56.71,0.00254,2.286,350,34658,28272,48392,-27922,-48042,,,,,,,,,,,,,,,,,,,,,,,,,,,,,,,
Mouth,2020.09.12,September,Rec,13.925,27.2,5.85,423.4,7.7,,53.01,0.00254,2.286,126,6152,4764,34658,-4638,-34532,,,,,,,,,,,,,,,,,,,,,,,,,,,,,,,
