Site,Date,Turbidity,Temp,DO,SPC,pH,Cl,Prev_rain_cm,Rain_cm,E_coli_MPN,Total_Coliforms,Flow_min,Flow_mean,Flow_max,Max_Min,Site_Name,Coordinates,lat,lon,Mean,Median,Min,Max,,Site_Name,Turbidity,Temp,DO,SPC,pH,,Site_Name,Percent_Exceedance,,Km
Ranch Bar,2019.09.18,8.975,25.3,9.95,540,8.61,,0,0,49.5,3100,20,25,32,12,Ranch Bar,"39.975796, -80.630572",39.975796,-80.630572,62.84269968,52,9.5,1296,,Ranch Bar,12.9,7.2,12.2,405.3,7.7,,Ranch Bar,,,29
Cricket Hollow,2019.09.18,7.03,23.8,7.8,538,8.46,,0,0,50,2355,20,25,32,12,Cricket Hollow,"39.984494, -80.634026",39.984494,-80.634026,67.94706314,63,9.5,960,,Cricket Hollow,12.3,7.1,11.3,412.9,7.8,,Cricket Hollow,,,25.4
Grandstaff Run,2019.09.18,8.2125,23.9,6.82,513,8.47,,0,0,100,6770,20,25,32,12,Grandstaff Run,"40.008344, -80.637940",40.008344,-80.63794,75.77448653,63,9.5,9675,,Grandstaff Run,13.5,7.3,11.1,364.2,7.9,,Grandstaff Run,,,19.5
Britt's Run,2019.09.18,6.8525,24.3,6.53,338,8.55,,0,0,49.5,7335,20,25,32,12,Britt's Run,"40.018764, -80.652944",40.018764,-80.652944,70.49262777,57.5,9.5,1439,,Britt's Run,13.1,7.3,11,388.5,7.9,,Britt's Run,,,17.5
County Line Bridge,2019.09.18,6.0425,24.6,6.43,512,8.61,,0,0,49.5,5250,20,25,32,12,County Line Bridge,"40.027056, -80.652752",40.027056,-80.652752,60.00843911,63,9.5,1046,,County Line Bridge,12.5,7.2,11.1,396.1,8,,County Line Bridge,,,15.3
Shilling Bridge,2019.09.18,3.6425,23.1,6.24,760,8.32,,0,0,,,20,25,32,12,Elm Grove Park,"40.041344, -80.661545",40.041344,-80.661545,115.5660076,121,9.5,1145,,Elm Grove Park,13.5,7.3,10.5,409.2,8,,Elm Grove Park,,,12.9
Junior Ave,2019.09.18,6.945,23.1,6.68,528,8.45,,0,0,425,5845,20,25,32,12,Junior Ave,"40.044390, -80.660519",40.04439,-80.660519,134.6902842,98,9.5,2050,,Junior Ave,14.8,7.2,10.9,412.6,8,,Junior Ave,,,12.4
Kroger,2019.09.18,6.605,23.2,5.81,611,8.47,,0,0,2890,77655,20,25,32,12,Washington,"40.0706668, -80.6836592",40.0706668,-80.6836592,881.6131721,933,108,9208,,Washington,19.4,4.9,12.9,360.6,7.8,,Washington,,,8.3
Long Run,2019.09.18,1.2475,21,7.32,765,8.38,,0,0,,,20,25,32,12,Kroger,"40.074785, -80.698196",40.074785,-80.698196,592.2736637,563,20,7195,,Kroger,25.5,6.9,10.1,419.8,8,,Kroger,,,6.28
Mouth,2019.09.18,6.0275,24.2,6.45,398.4,8.28,,0,0,49.5,975,20,25,32,12,Fulton,"40.074640, -80.708137",40.07464,-80.708137,305.3326282,331,75,1664,,Fulton,23.2,4.9,12.7,411.9,8,,Fulton,,,5.32
Ranch Bar,2019.09.25,6.8,23.4,9.8,584,8.84,,0,0.508,20,24196,16,20,36,20,Tunnel Green,"40.070978, -80.709708",40.070978,-80.709708,435.2615139,457,31,2295,,Tunnel Green,18.3,6.4,10,441.6,8,,Tunnel Green,,,2.55
Cricket Hollow,2019.09.25,8.0825,21.8,6.96,574,8.53,,0,0.508,31,2489,16,20,36,20,Mouth,"40.063312, -80.725057",40.063312,-80.725057,464.7380636,494,31,12475,,Mouth,17.9,6.8,9.1,426.1,8,,Mouth,,,0
Grandstaff Run,2019.09.25,6.03,23,7.3,536,8.45,,0,0.508,9.5,4352,16,20,36,20,,,,,,,,,,,,,,,,,,,,
Britt's Run,2019.09.25,9.4475,23.5,7.32,396.4,8.5,,0,0.508,9.5,9208,16,20,36,20,,,,,,,,,,,,,,,,,,,,
County Line Bridge,2019.09.25,5.6875,23.2,6.71,546,8.53,,0,0.508,10,4106,16,20,36,20,,,,,,,,,,,,,,,,,,,,
Elm Grove Park,2019.09.25,11.0425,21.8,6.01,547,8.34,,0,0.508,197,3130,16,20,36,20,,,,,,,,,,,,,,,,,,,,
Junior Ave,2019.09.25,5.965,22.6,6.55,582,8.36,,0,0.508,1005,60165,16,20,36,20,,,,,,,,,,,,,,,,,,,,
Cemetary,2019.09.25,3.565,21.3,6.28,660,8.38,,0,0.508,,,16,20,36,20,,,,,,,,,,,,,,,,,,,,
Kroger,2019.09.25,10.8575,21.5,5.49,655,8.33,,0,0.508,7070,86645,16,20,36,20,,,,,,,,,,,,,,,,,,,,
Mt. DeChantal,2019.09.25,3.6175,21.3,5.2,673,8.22,,0,0.508,,,16,20,36,20,,,,,,,,,,,,,,,,,,,,
Tunnel Green,2019.09.25,6.7025,6.94,5.06,673,8.12,,0,0.508,375,10230,16,20,36,20,,,,,,,,,,,,,,,,,,,,
Mouth,2019.09.25,4.4975,24.2,4.39,422.3,8.23,,0,0.508,86,2603,16,20,36,20,,,,,,,,,,,,,,,,,,,,
Ranch Bar,2019.10.02,8.8725,24.7,9.29,606,8.72,,0,0.0254,,,19,44,135,116,,,,,,,,,,,,,,,,,,,,
Cricket Hollow,2019.10.02,11.675,24.8,8.03,620,8.53,,0,0.0254,,,19,44,135,116,,,,,,,,,,,,,,,,,,,,
Grandstaff Run,2019.10.02,4.725,24.8,7.63,488.9,8.3,,0,0.0254,,,19,44,135,116,,,,,,,,,,,,,,,,,,,,
Britt's Run,2019.10.02,7.3425,24.9,7.7,552,8.39,,0,0.0254,,,19,44,135,116,,,,,,,,,,,,,,,,,,,,
County Line Bridge,2019.10.02,7.045,25.9,8.61,566,8.54,,0,0.0254,,,19,44,135,116,,,,,,,,,,,,,,,,,,,,
Elm Grove Park,2019.10.02,12.725,25,8.59,591,8.45,,0,0.0254,,,19,44,135,116,,,,,,,,,,,,,,,,,,,,
Junior Ave,2019.10.02,11.225,25.1,7.96,590,8.46,,0,0.0254,,,19,44,135,116,,,,,,,,,,,,,,,,,,,,
Long Run,2019.10.02,1.31,24,5.39,590,8.46,,0,0.0254,,,19,44,135,116,,,,,,,,,,,,,,,,,,,,
Kroger,2019.10.02,14.75,24.7,4.62,623,8.4,,0,0.0254,,,19,44,135,116,,,,,,,,,,,,,,,,,,,,
Mt. DeChantal,2019.10.02,19.05,24.7,4.87,623,8.4,,0,0.0254,,,19,44,135,116,,,,,,,,,,,,,,,,,,,,
Tunnel Green,2019.10.02,10.475,23.9,4.59,641,8.38,,0,0.0254,,,19,44,135,116,,,,,,,,,,,,,,,,,,,,
Mouth,2019.10.02,6.5175,24.1,3.97,500.7,8.2,,0,0.0254,,,19,44,135,116,,,,,,,,,,,,,,,,,,,,
Ranch Bar,2019.10.09,17.625,17.9,4.07,499.9,8.08,,0,0,315,27375,19,179,638,619,,,,,,,,,,,,,,,,,,,,
Cricket Hollow,2019.10.09,20.525,17.6,3.57,498.4,8.01,,0,0,670,32440,19,179,638,619,,,,,,,,,,,,,,,,,,,,
Grandstaff Run,2019.10.09,22.2,18.2,2.99,479.3,8.06,,0,0,9675,15650,19,179,638,619,,,,,,,,,,,,,,,,,,,,
Britt's Run,2019.10.09,22.675,17.6,2.89,446.3,8.07,,0,0,925,38505,19,179,638,619,,,,,,,,,,,,,,,,,,,,
County Line Bridge,2019.10.09,21.625,17.4,2.79,490.1,8.12,,0,0,480,34335,19,179,638,619,,,,,,,,,,,,,,,,,,,,
Elm Grove Park,2019.10.09,26.25,18.1,2.57,450.3,8.1,,0,0,925,27375,19,179,638,619,,,,,,,,,,,,,,,,,,,,
Junior Ave,2019.10.09,29.125,18.1,2.79,491.3,8.17,,0,0,2050,52310,19,179,638,619,,,,,,,,,,,,,,,,,,,,
Cemetary,2019.10.09,21.2,17.7,2.32,498.5,8.25,,0,0,,,19,179,638,619,,,,,,,,,,,,,,,,,,,,
Kroger,2019.10.09,36.6,17.5,2.25,315.4,8.2,,0,0,5315,120980,19,179,638,619,,,,,,,,,,,,,,,,,,,,
Mt. DeChantal,2019.10.09,32.275,17.5,2.51,510.8,8.15,,0,0,,,19,179,638,619,,,,,,,,,,,,,,,,,,,,
Tunnel Green,2019.10.09,28.175,17.3,2.12,515.5,8.09,,0,0,2295,99315,19,179,638,619,,,,,,,,,,,,,,,,,,,,
Mouth,2019.10.09,41.1,16.2,2.13,534.5,8.05,,0,0,12475,120980.5,19,179,638,619,,,,,,,,,,,,,,,,,,,,
Ranch Bar,2019.10.16,29.5,12.3,10.19,454.2,8.13,,1.8542,0.00254,,,40,62,122,82,,,,,,,,,,,,,,,,,,,,
Cricket Hollow,2019.10.16,30.95,12.6,8.3,461.3,8.06,,1.8542,0.00254,,,40,62,122,82,,,,,,,,,,,,,,,,,,,,
Grandstaff Run,2019.10.16,13.75,14.9,6.69,382.2,7.99,,1.8542,0.00254,,,40,62,122,82,,,,,,,,,,,,,,,,,,,,
Britt's Run,2019.10.16,21.75,12.9,6.66,442.1,7.9,,1.8542,0.00254,,,40,62,122,82,,,,,,,,,,,,,,,,,,,,
County Line Bridge,2019.10.16,32.675,12.5,5.82,417.5,7.96,,1.8542,0.00254,,,40,62,122,82,,,,,,,,,,,,,,,,,,,,
Elm Grove Park,2019.10.16,59.575,12.6,4.71,420.1,7.94,,1.8542,0.00254,,,40,62,122,82,,,,,,,,,,,,,,,,,,,,
Shilling Bridge,2019.10.16,247.25,12,4.34,398.2,7.92,,1.8542,0.00254,,,40,62,122,82,,,,,,,,,,,,,,,,,,,,
Junior Ave,2019.10.16,62.625,12.5,4.44,423,7.95,,1.8542,0.00254,,,40,62,122,82,,,,,,,,,,,,,,,,,,,,
Cemetary,2019.10.16,185.75,12.2,3.84,429.6,8.01,,1.8542,0.00254,,,40,62,122,82,,,,,,,,,,,,,,,,,,,,
Long Run,2019.10.16,24.275,11.7,3.9,458.7,8.11,,1.8542,0.00254,,,40,62,122,82,,,,,,,,,,,,,,,,,,,,
Kroger,2019.10.16,223.75,12.2,3.46,426.8,8.06,,1.8542,0.00254,,,40,62,122,82,,,,,,,,,,,,,,,,,,,,
Tunnel Green,2019.10.16,98.925,12.2,3.24,458.8,8.08,,1.8542,0.00254,,,40,62,122,82,,,,,,,,,,,,,,,,,,,,
Mouth,2019.10.16,47.5,12.5,2.99,444.1,8.08,,1.8542,0.00254,,,40,62,122,82,,,,,,,,,,,,,,,,,,,,
Ranch Bar,2019.10.23,5.3275,13.7,11.9,503.3,8.01,,0,0,20,1850,61,132,341,280,,,,,,,,,,,,,,,,,,,,
Cricket Hollow,2019.10.23,5.355,13.8,9.43,493.4,8.11,,0,0,96,3436,61,132,341,280,,,,,,,,,,,,,,,,,,,,
Grandstaff Run,2019.10.23,4.6075,14.2,9.35,390,7.91,,0,0,52,5794,61,132,341,280,,,,,,,,,,,,,,,,,,,,
Britt's Run,2019.10.23,4.7075,13.3,11.12,480.2,8.17,,0,0,41,1607,61,132,341,280,,,,,,,,,,,,,,,,,,,,
County Line Bridge,2019.10.23,4.83,13.6,12.01,464.4,8.27,,0,0,20,1664,61,132,341,280,,,,,,,,,,,,,,,,,,,,
Elm Grove Park,2019.10.23,5.01,14.4,7.78,485.1,7.84,,0,0,370,6050,61,132,341,280,,,,,,,,,,,,,,,,,,,,
Junior Ave,2019.10.23,4.115,13.9,11.45,482,8.29,,0,0,100,3285,61,132,341,280,,,,,,,,,,,,,,,,,,,,
Cemetary,2019.10.23,4.6575,12.4,6.37,656.2,7.81,,0,0,,,61,132,341,280,,,,,,,,,,,,,,,,,,,,
Kroger,2019.10.23,14.36666667,13.4,10.91,508.2,8.31,,0,0,7195,36350,61,132,341,280,,,,,,,,,,,,,,,,,,,,
,,,,,,,,,,,,61,132,341,280,,,,,,,,,,,,,,,,,,,,
Tunnel Green,2019.10.23,6.2075,13,9.34,519.7,8.12,,0,0,315,7705,61,132,341,280,,,,,,,,,,,,,,,,,,,,
Mouth,2019.10.23,11.65,12.7,3.95,502.3,7.98,,0,0,1345,20530,61,132,341,280,,,,,,,,,,,,,,,,,,,,
Ranch Bar,2019.10.30,8.0425,13.1,11.23,476.2,7.83,,2.2098,5.612892,,,69,183,461,392,,,,,,,,,,,,,,,,,,,,
Cricket Hollow,2019.10.30,8.085,13.5,8.76,473.3,7.97,,2.2098,5.612892,,,69,183,461,392,,,,,,,,,,,,,,,,,,,,
Grandstaff Run,2019.10.30,4.4825,14.2,9.94,409.5,7.95,,2.2098,5.612892,,,69,183,461,392,,,,,,,,,,,,,,,,,,,,
Britt's Run,2019.10.30,6.455,13.6,10.98,464,8.12,,2.2098,5.612892,,,69,183,461,392,,,,,,,,,,,,,,,,,,,,
County Line Bridge,2019.10.30,7.035,13.6,11.58,462.1,8.15,,2.2098,5.612892,,,69,183,461,392,,,,,,,,,,,,,,,,,,,,
Elm Grove Park,2019.10.30,6.0525,13.8,9.21,456.4,8.19,,2.2098,5.612892,,,69,183,461,392,,,,,,,,,,,,,,,,,,,,
Shilling Bridge,2019.10.30,6.05,13.4,10.34,461.6,8.17,,2.2098,5.612892,,,69,183,461,392,,,,,,,,,,,,,,,,,,,,
Junior Ave,2019.10.30,9.79,13.6,10.91,460.8,8.28,,2.2098,5.612892,,,69,183,461,392,,,,,,,,,,,,,,,,,,,,
Cemetary,2019.10.30,6.5825,13.2,6.45,617.2,7.81,,2.2098,5.612892,,,69,183,461,392,,,,,,,,,,,,,,,,,,,,
Long Run,2019.10.30,4.385,13.4,9.92,666,8.15,,2.2098,5.612892,,,69,183,461,392,,,,,,,,,,,,,,,,,,,,
Kroger,2019.10.30,10.72,13.3,10.47,498.8,8.17,,2.2098,5.612892,,,69,183,461,392,,,,,,,,,,,,,,,,,,,,
Tunnel Green,2019.10.30,9.94,13.2,10.81,510.5,8.11,,2.2098,5.612892,,,69,183,461,392,,,,,,,,,,,,,,,,,,,,
Mouth,2019.10.30,19.075,13.1,7.86,426.1,7.94,,2.2098,5.612892,,,69,183,461,392,,,,,,,,,,,,,,,,,,,,
Ranch Bar,2019.11.06,7.8425,9,13.72,438.2,7.6,,0,1.0922,10,1039,223,695,3880,3657,,,,,,,,,,,,,,,,,,,,
Cricket Hollow,2019.11.06,7.2475,8.8,12.7,444.5,7.72,,0,1.0922,20,1014,223,695,3880,3657,,,,,,,,,,,,,,,,,,,,
Grandstaff Run,2019.11.06,25.525,9.9,11.82,325.5,7.77,,0,1.0922,110,2046,223,695,3880,3657,,,,,,,,,,,,,,,,,,,,
Britt's Run,2019.11.06,17.375,8.6,13.19,429.8,7.96,,0,1.0922,73,1421,223,695,3880,3657,,,,,,,,,,,,,,,,,,,,
County Line Bridge,2019.11.06,7.7575,8.6,13.58,428.8,8.02,,0,1.0922,20,1553,223,695,3880,3657,,,,,,,,,,,,,,,,,,,,
Elm Grove Park,2019.11.06,7.6575,9.1,12.84,429,8.15,,0,1.0922,146,2481,223,695,3880,3657,,,,,,,,,,,,,,,,,,,,
Junior Ave,2019.11.06,8.7375,9.1,13.09,433.5,8.12,,0,1.0922,161,1674,223,695,3880,3657,,,,,,,,,,,,,,,,,,,,
Cemetary,2019.11.06,5.59,7.5,10.32,546.3,8,,0,1.0922,,,223,695,3880,3657,,,,,,,,,,,,,,,,,,,,
Kroger,2019.11.06,8.895,8.5,11.48,467.8,8.07,,0,1.0922,373,3968,223,695,3880,3657,,,,,,,,,,,,,,,,,,,,
Tunnel Green,2019.11.06,6.825,8.4,11.22,487.8,8.04,,0,1.0922,345,5172,223,695,3880,3657,,,,,,,,,,,,,,,,,,,,
Mouth,2019.11.06,10.1975,7.8,11.79,491.4,7.96,,0,1.0922,428,8164,223,695,3880,3657,,,,,,,,,,,,,,,,,,,,
Ranch Bar,2019.11.13,9.1625,3.3,17.78,452.5,7.81,,0,0,,,186,344,591,405,,,,,,,,,,,,,,,,,,,,
Cricket Hollow,2019.11.13,6.155,3.1,16.72,460,7.88,,0,0,,,186,344,591,405,,,,,,,,,,,,,,,,,,,,
Grandstaff Run,2019.11.13,10.825,5.6,15.43,370.5,8.04,,0,0,,,186,344,591,405,,,,,,,,,,,,,,,,,,,,
Britt's Run,2019.11.13,4.9775,3.8,16.23,441.1,8.13,,0,0,,,186,344,591,405,,,,,,,,,,,,,,,,,,,,
County Line Bridge,2019.11.13,5.68,3,17.17,444.9,8.18,,0,0,,,186,344,591,405,,,,,,,,,,,,,,,,,,,,
Elm Grove Park,2019.11.13,6.3875,3.3,17.05,446.6,8.25,,0,0,,,186,344,591,405,,,,,,,,,,,,,,,,,,,,
Junior Ave,2019.11.13,6.035,3.2,17.1,448.6,8.32,,0,0,,,186,344,591,405,,,,,,,,,,,,,,,,,,,,
Cemetary,2019.11.13,4.375,3.7,12.82,528.1,8.21,,0,0,,,186,344,591,405,,,,,,,,,,,,,,,,,,,,
Kroger,2019.11.13,18.225,3,15.84,479.4,8.21,,0,0,,,186,344,591,405,,,,,,,,,,,,,,,,,,,,
Fulton,2019.11.13,7.65,2.9,10.11,490.2,8.2,,0,0,,,186,344,591,405,,,,,,,,,,,,,,,,,,,,
Tunnel Green,2019.11.13,4.97,2.9,16.37,490.9,8.16,,0,0,,,186,344,591,405,,,,,,,,,,,,,,,,,,,,
Mouth,2019.11.13,19.5,2.5,16.77,490.4,8.13,,0,0,,,186,344,591,405,,,,,,,,,,,,,,,,,,,,
Ranch Bar,2019.11.20,4.125,5.9,17.55,313.95,7.84,,0,0.00254,9.5,185,139,171,223,84,,,,,,,,,,,,,,,,,,,,
Cricket Hollow,2019.11.20,3.1675,5.7,17.18,482.9,8.16,,0,0.00254,10,305,139,171,223,84,,,,,,,,,,,,,,,,,,,,
Grandstaff Run,2019.11.20,7.3325,5.5,14.6,357,8.08,,0,0.00254,10,169,139,171,223,84,,,,,,,,,,,,,,,,,,,,
Britt's Run,2019.11.20,3.5625,6.2,14.15,457.3,8.18,,0,0.00254,31,605,139,171,223,84,,,,,,,,,,,,,,,,,,,,
County Line Bridge,2019.11.20,3.68,5.8,16.16,471.6,8.37,,0,0.00254,10,414,139,171,223,84,,,,,,,,,,,,,,,,,,,,
Elm Grove Park,2019.11.20,5.7075,5.9,13.57,474,8.44,,0,0.00254,84,860,139,171,223,84,,,,,,,,,,,,,,,,,,,,
Junior Ave,2019.11.20,3.795,5.8,16.04,477.8,8.44,,0,0.00254,108,1112,139,171,223,84,,,,,,,,,,,,,,,,,,,,
Cemetary,2019.11.20,4.27,6.7,11.84,546.9,8.22,,0,0.00254,,,139,171,223,84,,,,,,,,,,,,,,,,,,,,
Kroger,2019.11.20,6.5275,5.7,14.07,507.3,8.31,,0,0.00254,1178,7329,139,171,223,84,,,,,,,,,,,,,,,,,,,,
Fulton,2019.11.20,3.7675,5.8,14.27,521.5,8.25,,0,0.00254,399,3448,139,171,223,84,,,,,,,,,,,,,,,,,,,,
Tunnel Green,2019.11.20,30.1,5.8,12.7,525.4,8.2,,0,0.00254,798,6867,139,171,223,84,,,,,,,,,,,,,,,,,,,,
Mouth,2019.11.20,6.5875,5.3,11.28,530.6,7.99,,0,0.00254,373,5172,139,171,223,84,,,,,,,,,,,,,,,,,,,,
Ranch Bar,2019.11.27,9.515,6,15.19,437.6,7.74,,0.254,0,,,118,345,717,599,,,,,,,,,,,,,,,,,,,,
Cricket Hollow,2019.11.27,8.5,5.6,14.2,437.8,7.75,,0.254,0,,,118,345,717,599,,,,,,,,,,,,,,,,,,,,
Grandstaff Run,2019.11.27,11.625,5.6,13.78,366.4,7.86,,0.254,0,,,118,345,717,599,,,,,,,,,,,,,,,,,,,,
Britt's Run,2019.11.27,9.465,5.8,13.52,431,7.96,,0.254,0,,,118,345,717,599,,,,,,,,,,,,,,,,,,,,
County Line Bridge,2019.11.27,9.245,5.7,14.43,433.6,8.1,,0.254,0,,,118,345,717,599,,,,,,,,,,,,,,,,,,,,
Elm Grove Park,2019.11.27,9.2175,5.9,14.02,435.5,8.14,,0.254,0,,,118,345,717,599,,,,,,,,,,,,,,,,,,,,
Junior Ave,2019.11.27,9.5875,5.8,14.03,437.7,8.18,,0.254,0,,,118,345,717,599,,,,,,,,,,,,,,,,,,,,
Cemetary,2019.11.27,9.43,6.4,12.88,456.2,8.23,,0.254,0,,,118,345,717,599,,,,,,,,,,,,,,,,,,,,
Kroger,2019.11.27,31.55,6.1,13.36,443.3,8.24,,0.254,0,,,118,345,717,599,,,,,,,,,,,,,,,,,,,,
Fulton,2019.11.27,9.9325,6.2,13.32,455.1,8.21,,0.254,0,,,118,345,717,599,,,,,,,,,,,,,,,,,,,,
Tunnel Green,2019.11.27,11.4,6.2,12.84,454.5,8.23,,0.254,0,,,118,345,717,599,,,,,,,,,,,,,,,,,,,,
Mouth,2019.11.27,10.845,5.6,13.53,450,8.15,,0.254,0,,,118,345,717,599,,,,,,,,,,,,,,,,,,,,
Ranch Bar,2019.12.04,6.3475,4.6,14.1,429,7.52,,0.00254,0.00254,52,749,234,353,537,303,,,,,,,,,,,,,,,,,,,,
Cricket Hollow,2019.12.04,5.6625,4.5,14.37,428.8,8,,0.00254,0.00254,63,594,234,353,537,303,,,,,,,,,,,,,,,,,,,,
Grandstaff Run,2019.12.04,7.475,4.6,13.68,404.1,8.01,,0.00254,0.00254,63,594,234,353,537,303,,,,,,,,,,,,,,,,,,,,
Britt's Run,2019.12.04,6.115,4.5,13.92,430.1,8.1,,0.00254,0.00254,9.5,771,234,353,537,303,,,,,,,,,,,,,,,,,,,,
County Line Bridge,2019.12.04,6.15,4.4,13.79,430.3,8.16,,0.00254,0.00254,20,602,234,353,537,303,,,,,,,,,,,,,,,,,,,,
Elm Grove Park,2019.12.04,5.63,4.5,12.24,429.7,8.2,,0.00254,0.00254,52,1187,234,353,537,303,,,,,,,,,,,,,,,,,,,,
Junior Ave,2019.12.04,6.1825,4.4,13.83,436.1,8.2,,0.00254,0.00254,52,573,234,353,537,303,,,,,,,,,,,,,,,,,,,,
Cemetary,2019.12.04,5.35,4.6,13.83,436.1,8.2,,0.00254,0.00254,,,234,353,537,303,,,,,,,,,,,,,,,,,,,,
Kroger,2019.12.04,30.125,4.4,12.86,453.4,8.24,,0.00254,0.00254,443,3654,234,353,537,303,,,,,,,,,,,,,,,,,,,,
Fulton,2019.12.04,6.085,4.4,13.11,471.5,8.2,,0.00254,0.00254,331,2613,234,353,537,303,,,,,,,,,,,,,,,,,,,,
Tunnel Green,2019.12.04,7.175,4.4,13.07,465.1,8.23,,0.00254,0.00254,175,2046,234,353,537,303,,,,,,,,,,,,,,,,,,,,
Mouth,2019.12.04,8.3125,4.3,12.73,468.5,8.16,,0.00254,0.00254,556,2851,234,353,537,303,,,,,,,,,,,,,,,,,,,,
Ranch Bar,2019.12.12,28.75,3.4,12.65,338.8,7.15,,0,0.0254,,,212,736,2000,1788,,,,,,,,,,,,,,,,,,,,
Cricket Hollow,2019.12.12,25.95,3.4,13.48,340.9,7.47,,0,0.0254,,,212,736,2000,1788,,,,,,,,,,,,,,,,,,,,
Grandstaff Run,2019.12.12,20.525,4.1,13.52,317.6,7.63,,0,0.0254,,,212,736,2000,1788,,,,,,,,,,,,,,,,,,,,
Britt's Run,2019.12.12,27.15,3.4,13.14,338.6,7.58,,0,0.0254,,,212,736,2000,1788,,,,,,,,,,,,,,,,,,,,
County Line Bridge,2019.12.12,25.125,3.5,13.4,325.3,7.57,,0,0.0254,,,212,736,2000,1788,,,,,,,,,,,,,,,,,,,,
Elm Grove Park,2019.12.12,27.65,3.6,13.33,332.7,7.61,,0,0.0254,,,212,736,2000,1788,,,,,,,,,,,,,,,,,,,,
Junior Ave,2019.12.12,28.075,3.6,13.43,339.8,7.62,,0,0.0254,,,212,736,2000,1788,,,,,,,,,,,,,,,,,,,,
Washington Ave,2019.12.12,24.8,3.5,13.17,360,7.66,,0,0.0254,,,212,736,2000,1788,,,,,,,,,,,,,,,,,,,,
Kroger,2019.12.12,25.9,3.6,12.64,313.9,7.8,,0,0.0254,,,212,736,2000,1788,,,,,,,,,,,,,,,,,,,,
Fulton,2019.12.12,25.3,3.5,13.47,373.5,7.76,,0,0.0254,,,212,736,2000,1788,,,,,,,,,,,,,,,,,,,,
Tunnel Green,2019.12.12,27.225,3.2,11.97,367.5,7.72,,0,0.0254,,,212,736,2000,1788,,,,,,,,,,,,,,,,,,,,
Mouth,2019.12.12,25.15,2.8,13.05,369.5,7.66,,0,0.0254,,,212,736,2000,1788,,,,,,,,,,,,,,,,,,,,
Ranch Bar,2019.12.17,194.25,4.7,12.63,279.3,7.26,,0.3556,0.00254,1223,24196,619,1087,1840,1221,,,,,,,,,,,,,,,,,,,,
Cricket Hollow,2019.12.17,206.25,4.7,12.14,293.3,7.49,,0.3556,0.00254,712,17329,619,1087,1840,1221,,,,,,,,,,,,,,,,,,,,
Grandstaff Run,2019.12.17,36.7,4.2,12.86,302.2,7.5,,0.3556,0.00254,301,15531,619,1087,1840,1221,,,,,,,,,,,,,,,,,,,,
Britt's Run,2019.12.17,189.75,4.6,12.07,315.2,7.51,,0.3556,0.00254,504,14136,619,1087,1840,1221,,,,,,,,,,,,,,,,,,,,
County Line Bridge,2019.12.17,165.5,4.6,11.69,318.6,7.59,,0.3556,0.00254,367,11199,619,1087,1840,1221,,,,,,,,,,,,,,,,,,,,
Elm Grove Park,2019.12.17,186.25,4.6,12.01,320.6,7.84,,0.3556,0.00254,452,12033,619,1087,1840,1221,,,,,,,,,,,,,,,,,,,,
Junior Ave,2019.12.17,203.25,4.5,11.66,319.8,7.66,,0.3556,0.00254,537,19863,619,1087,1840,1221,,,,,,,,,,,,,,,,,,,,
Washington Ave,2019.12.17,171.75,4.6,11.83,332,7.69,,0.3556,0.00254,573,17329,619,1087,1840,1221,,,,,,,,,,,,,,,,,,,,
Kroger,2019.12.17,179.25,4.6,11.4,295.3,7.75,,0.3556,0.00254,379,14136,619,1087,1840,1221,,,,,,,,,,,,,,,,,,,,
Fulton,2019.12.17,197.25,4.5,12.34,344.5,7.71,,0.3556,0.00254,771,14136,619,1087,1840,1221,,,,,,,,,,,,,,,,,,,,
Tunnel Green,2019.12.17,152.5,4.6,12.38,343.2,7.66,,0.3556,0.00254,712,14136,619,1087,1840,1221,,,,,,,,,,,,,,,,,,,,
Mouth,2019.12.17,126,4.6,12.33,347.4,7.68,,0.3556,0.00254,959,15531,619,1087,1840,1221,,,,,,,,,,,,,,,,,,,,
Ranch Bar,2020.01.08,9.145,3.4,14.72,400,7.48,,0,0,63,776,461,1115,2140,1679,,,,,,,,,,,,,,,,,,,,
Cricket Hollow,2020.01.08,8.48,3.5,14.31,399,7.41,,0,0,41,906,461,1115,2140,1679,,,,,,,,,,,,,,,,,,,,
Grandstaff Run,2020.01.08,10.95,4.2,14.66,310.2,7.7,,0,0,52,663,461,1115,2140,1679,,,,,,,,,,,,,,,,,,,,
Britt's Run,2020.01.08,9.255,3.5,14.15,394.6,7.64,,0,0,20,487,461,1115,2140,1679,,,,,,,,,,,,,,,,,,,,
County Line Bridge,2020.01.08,9.53,3.5,14.29,392.7,7.73,,0,0,75,563,461,1115,2140,1679,,,,,,,,,,,,,,,,,,,,
Elm Grove Park,2020.01.08,8.84,3.7,13.95,393,7.79,,0,0,41,631,461,1115,2140,1679,,,,,,,,,,,,,,,,,,,,
Junior Ave,2020.01.08,9.8425,3.6,14.29,396.7,7.8,,0,0,20,583,461,1115,2140,1679,,,,,,,,,,,,,,,,,,,,
Washington Ave,2020.01.08,9.325,3.5,14.11,405.7,7.83,,0,0,657,1198,461,1115,2140,1679,,,,,,,,,,,,,,,,,,,,
Kroger,2020.01.08,31,3.4,13.74,401.1,7.89,,0,0,135,960,461,1115,2140,1679,,,,,,,,,,,,,,,,,,,,
Fulton,2020.01.08,9.405,3.4,14.27,425.1,7.88,,0,0,160,1223,461,1115,2140,1679,,,,,,,,,,,,,,,,,,,,
Tunnel Green,2020.01.08,10.37,3.3,13.97,419.2,7.94,,0,0,259,2755,461,1115,2140,1679,,,,,,,,,,,,,,,,,,,,
Mouth,2020.01.08,10.3525,3.2,12.82,419.3,7.9,,0,0,631,2319,461,1115,2140,1679,,,,,,,,,,,,,,,,,,,,
Ranch Bar,2020.01.14,7.85,6,13.13,403.9,7.53,,0,0.00254,,,445,553,779,334,,,,,,,,,,,,,,,,,,,,
Cricket Hollow,2020.01.14,7.1025,6,13.43,404.8,7.63,,0,0.00254,,,445,553,779,334,,,,,,,,,,,,,,,,,,,,
Grandstaff Run,2020.01.14,6.485,5.9,13.93,337.2,7.93,,0,0.00254,,,445,553,779,334,,,,,,,,,,,,,,,,,,,,
Britt's Run,2020.01.14,7.685,6.1,13.14,402.3,7.9,,0,0.00254,,,445,553,779,334,,,,,,,,,,,,,,,,,,,,
County Line Bridge,2020.01.14,7.4525,6.1,13.35,403.9,8,,0,0.00254,,,445,553,779,334,,,,,,,,,,,,,,,,,,,,
Elm Grove Park,2020.01.14,8.195,6.5,12.66,327.3,7.97,,0,0.00254,,,445,553,779,334,,,,,,,,,,,,,,,,,,,,
Junior Ave,2020.01.14,7.365,6.2,13.6,409,7.99,,0,0.00254,,,445,553,779,334,,,,,,,,,,,,,,,,,,,,
Washington Ave,2020.01.14,6.8375,6.3,13.27,,8.03,,0,0.00254,,,445,553,779,334,,,,,,,,,,,,,,,,,,,,
Kroger,2020.01.14,13.875,6.5,12.73,415.1,8.09,,0,0.00254,,,445,553,779,334,,,,,,,,,,,,,,,,,,,,
Fulton,2020.01.14,7.6825,6.4,13.38,439.4,8.06,,0,0.00254,,,445,553,779,334,,,,,,,,,,,,,,,,,,,,
Tunnel Green,2020.01.14,9.9925,6.2,12.19,434.7,8.01,,0,0.00254,,,445,553,779,334,,,,,,,,,,,,,,,,,,,,
Mouth,2020.01.14,13.095,5.8,11.28,449.3,7.96,,0,0.00254,,,445,553,779,334,,,,,,,,,,,,,,,,,,,,
Ranch Bar,2020.01.21,20.85,1.8,14.29,356.2,7.5,,0.00254,0,134,3448,321,902,2440,2119,,,,,,,,,,,,,,,,,,,,
Cricket Hollow,2020.01.21,15.375,1.8,14.58,345.9,7.55,,0.00254,0,84,2613,321,902,2440,2119,,,,,,,,,,,,,,,,,,,,
Grandstaff Run,2020.01.21,12.525,1.9,14.56,328.4,7.63,,0.00254,0,122,2909,321,902,2440,2119,,,,,,,,,,,,,,,,,,,,
Britt's Run,2020.01.21,17.175,1.7,14.43,356.8,7.67,,0.00254,0,96,2755,321,902,2440,2119,,,,,,,,,,,,,,,,,,,,
County Line Bridge,2020.01.21,17.675,1.7,14.57,353.3,7.73,,0.00254,0,86,3076,321,902,2440,2119,,,,,,,,,,,,,,,,,,,,
Elm Grove Park,2020.01.21,17.8675,1.9,14.43,353.7,7.81,,0.00254,0,122,2098,321,902,2440,2119,,,,,,,,,,,,,,,,,,,,
Junior Ave,2020.01.21,17.35,1.8,14.63,357,7.77,,0.00254,0,98,2489,321,902,2440,2119,,,,,,,,,,,,,,,,,,,,
Washington Ave,2020.01.21,15.775,1.8,14.66,360,7.86,,0.00254,0,933,2755,321,902,2440,2119,,,,,,,,,,,,,,,,,,,,
Kroger,2020.01.21,37.975,1.9,13.8,368.3,7.96,,0.00254,0,288,1918,321,902,2440,2119,,,,,,,,,,,,,,,,,,,,
Fulton,2020.01.21,22.725,1.8,14.26,379.3,7.96,,0.00254,0,86,2909,321,902,2440,2119,,,,,,,,,,,,,,,,,,,,
Tunnel Green,2020.01.21,17.675,1.6,14.29,371.3,7.88,,0.00254,0,1014,5475,321,902,2440,2119,,,,,,,,,,,,,,,,,,,,
Mouth,2020.01.21,46.725,1.4,14.2,370.2,7.85,,0.00254,0,432,4611,321,902,2440,2119,,,,,,,,,,,,,,,,,,,,
Ranch Bar,2020.01.28,19.375,4.4,13.1,350.7,7.62,,0.00254,0.00254,,,327,1276,5430,5103,,,,,,,,,,,,,,,,,,,,
Cricket Hollow,2020.01.28,17.425,4.4,13.18,349.9,7.51,,0.00254,0.00254,,,327,1276,5430,5103,,,,,,,,,,,,,,,,,,,,
Grandstaff Run,2020.01.28,48.3,4,13.35,282.2,7.61,,0.00254,0.00254,,,327,1276,5430,5103,,,,,,,,,,,,,,,,,,,,
Britt's Run,2020.01.28,12.7,4.4,12.81,328.8,7.57,,0.00254,0.00254,,,327,1276,5430,5103,,,,,,,,,,,,,,,,,,,,
County Line Bridge,2020.01.28,25.25,4.3,12.83,347.2,7.66,,0.00254,0.00254,,,327,1276,5430,5103,,,,,,,,,,,,,,,,,,,,
Elm Grove Park,2020.01.28,23.925,4.3,12.83,347.2,7.66,,0.00254,0.00254,,,327,1276,5430,5103,,,,,,,,,,,,,,,,,,,,
Junior Ave,2020.01.28,20.05,4.3,13,350.5,7.7,,0.00254,0.00254,,,327,1276,5430,5103,,,,,,,,,,,,,,,,,,,,
Washington Ave,2020.01.28,19.825,4.3,13.05,280,7.74,,0.00254,0.00254,,,327,1276,5430,5103,,,,,,,,,,,,,,,,,,,,
Kroger,2020.01.28,43.45,4.3,12.27,353.8,7.89,,0.00254,0.00254,,,327,1276,5430,5103,,,,,,,,,,,,,,,,,,,,
Fulton,2020.01.28,34.85,4.3,12.33,377.5,7.88,,0.00254,0.00254,,,327,1276,5430,5103,,,,,,,,,,,,,,,,,,,,
Tunnel Green,2020.01.28,22.45,4.2,12.35,369.5,7.77,,0.00254,0.00254,,,327,1276,5430,5103,,,,,,,,,,,,,,,,,,,,
Mouth,2020.01.28,30.05,4.2,12.51,362.3,7.78,,0.00254,0.00254,,,327,1276,5430,5103,,,,,,,,,,,,,,,,,,,,
Ranch Bar,2020.02.04,5.6,7.1,11.53,413.7,7.5,,0,0.5588,0,457,572,714,971,399,,,,,,,,,,,,,,,,,,,,
Cricket Hollow,2020.02.04,5.5625,7.2,11.83,414.9,7.62,,0,0.5588,10,521,572,714,971,399,,,,,,,,,,,,,,,,,,,,
Grandstaff Run,2020.02.04,20.875,6.1,11.77,360.6,7.73,,0,0.5588,31,455,572,714,971,399,,,,,,,,,,,,,,,,,,,,
Britt's Run,2020.02.04,6.5625,7.2,11.73,410.3,7.79,,0,0.5588,10,399,572,714,971,399,,,,,,,,,,,,,,,,,,,,
County Line Bridge,2020.02.04,6.92,7.3,11.88,376.3,7.84,,0,0.5588,10,512,572,714,971,399,,,,,,,,,,,,,,,,,,,,
Elm Grove Park,2020.02.04,6.635,7.5,11.85,410.6,7.91,,0,0.5588,10,733,572,714,971,399,,,,,,,,,,,,,,,,,,,,
Junior Ave,2020.02.04,7.8275,7.5,11.85,415.1,7.92,,0,0.5588,41,691,572,714,971,399,,,,,,,,,,,,,,,,,,,,
Washington Ave,2020.02.04,5.9575,7.6,11.67,436.8,7.98,,0,0.5588,282,1112,572,714,971,399,,,,,,,,,,,,,,,,,,,,
Kroger,2020.02.04,15.15,7.7,11.32,463.4,7.97,,0,0.5588,97,1515,572,714,971,399,,,,,,,,,,,,,,,,,,,,
Fulton,2020.02.04,12.425,7.7,11.05,455.8,8.03,,0,0.5588,226,4884,572,714,971,399,,,,,,,,,,,,,,,,,,,,
Tunnel Green,2020.02.04,8.6525,7.6,11.56,451.4,7.98,,0,0.5588,738,2187,572,714,971,399,,,,,,,,,,,,,,,,,,,,
Mouth,2020.02.04,11.7,7.7,9.68,462,7.86,,0,0.5588,529,1935,572,714,971,399,,,,,,,,,,,,,,,,,,,,
Ranch Bar,2020.02.11,78.2,6.2,12.33,217.3,7.12,,0.6858,0.0508,,,707,1424,4170,3463,,,,,,,,,,,,,,,,,,,,
Cricket Hollow,2020.02.11,83.95,6.2,11.92,220.2,7.21,,0.6858,0.0508,,,707,1424,4170,3463,,,,,,,,,,,,,,,,,,,,
Grandstaff Run,2020.02.11,39.4,5.8,12.26,267.6,7.29,,0.6858,0.0508,,,707,1424,4170,3463,,,,,,,,,,,,,,,,,,,,
Britt's Run,2020.02.11,77.875,6.2,11.48,222.7,7.43,,0.6858,0.0508,,,707,1424,4170,3463,,,,,,,,,,,,,,,,,,,,
County Line Bridge,2020.02.11,109.75,6.2,11.89,224.8,7.43,,0.6858,0.0508,,,707,1424,4170,3463,,,,,,,,,,,,,,,,,,,,
Elm Grove Park,2020.02.11,138.5,6.2,12.03,219.3,7.43,,0.6858,0.0508,,,707,1424,4170,3463,,,,,,,,,,,,,,,,,,,,
Junior Ave,2020.02.11,117,6.2,12.03,221.1,7.47,,0.6858,0.0508,,,707,1424,4170,3463,,,,,,,,,,,,,,,,,,,,
Washington Ave,2020.02.11,104.25,6.2,11.92,233.6,7.4,,0.6858,0.0508,,,707,1424,4170,3463,,,,,,,,,,,,,,,,,,,,
Kroger,2020.02.11,108.5,6.2,12.3,229.2,7.51,,0.6858,0.0508,,,707,1424,4170,3463,,,,,,,,,,,,,,,,,,,,
Fulton,2020.02.11,106,6.2,12,250,7.55,,0.6858,0.0508,,,707,1424,4170,3463,,,,,,,,,,,,,,,,,,,,
Tunnel Green,2020.02.11,84.575,6.2,10.76,244.3,7.62,,0.6858,0.0508,,,707,1424,4170,3463,,,,,,,,,,,,,,,,,,,,
Mouth,2020.02.11,99.375,6.1,10.76,244.3,7.62,,0.6858,0.0508,,,707,1424,4170,3463,,,,,,,,,,,,,,,,,,,,
Ranch Bar,2020.02.18,12.6,5.5,12.81,373.9,7.43,,0.127,0,,,947,2501,5430,4483,,,,,,,,,,,,,,,,,,,,
Cricket Hollow,2020.02.18,12.275,5.4,13.68,372.7,7.5,,0.127,0,,,947,2501,5430,4483,,,,,,,,,,,,,,,,,,,,
Grandstaff Run,2020.02.18,26.625,4.9,13.99,311.6,7.58,,0.127,0,,,947,2501,5430,4483,,,,,,,,,,,,,,,,,,,,
Britt's Run,2020.02.18,13.05,5.4,13.7,372.4,7.65,,0.127,0,,,947,2501,5430,4483,,,,,,,,,,,,,,,,,,,,
County Line Bridge,2020.02.18,12.6,5.4,13.49,321.9,7.72,,0.127,0,,,947,2501,5430,4483,,,,,,,,,,,,,,,,,,,,
Elm Grove Park,2020.02.18,15.475,5.4,13.33,369.9,7.73,,0.127,0,,,947,2501,5430,4483,,,,,,,,,,,,,,,,,,,,
Junior Ave,2020.02.18,24.35,5.5,13.05,405.4,7.81,,0.127,0,,,947,2501,5430,4483,,,,,,,,,,,,,,,,,,,,
Washington Ave,2020.02.18,17.45,5.7,13.17,435.6,7.82,,0.127,0,,,947,2501,5430,4483,,,,,,,,,,,,,,,,,,,,
Kroger,2020.02.18,28.075,5.8,12.45,453.1,7.87,,0.127,0,,,947,2501,5430,4483,,,,,,,,,,,,,,,,,,,,
Fulton,2020.02.18,57.5,5.8,12.96,446.1,7.89,,0.127,0,,,947,2501,5430,4483,,,,,,,,,,,,,,,,,,,,
Tunnel Green,2020.02.18,28.725,5.6,13.12,420.8,7.92,,0.127,0,,,947,2501,5430,4483,,,,,,,,,,,,,,,,,,,,
Mouth,2020.02.18,17,5.2,13.33,411.4,7.82,,0.127,0,,,947,2501,5430,4483,,,,,,,,,,,,,,,,,,,,
Ranch Bar,2020.02.25,7.5025,4.9,12.91,416.6,7.54,,0.3302,0.889,10,269,327,485,768,441,,,,,,,,,,,,,,,,,,,,
Cricket Hollow,2020.02.25,4.785,4.9,13.23,416.5,7.84,,0.3302,0.889,9.5,259,327,485,768,441,,,,,,,,,,,,,,,,,,,,
Grandstaff Run,2020.02.25,12.85,5,13.01,402.8,7.85,,0.3302,0.889,10,345,327,485,768,441,,,,,,,,,,,,,,,,,,,,
Britt's Run,2020.02.25,7.0325,5.2,12.39,416.6,7.89,,0.3302,0.889,41,388,327,485,768,441,,,,,,,,,,,,,,,,,,,,
County Line Bridge,2020.02.25,6.515,5.2,11.9,404.5,7.92,,0.3302,0.889,9.5,216,327,485,768,441,,,,,,,,,,,,,,,,,,,,
Elm Grove Park,2020.02.25,6.07,5.4,12.57,411.5,7.94,,0.3302,0.889,9.5,318,327,485,768,441,,,,,,,,,,,,,,,,,,,,
Junior Ave,2020.02.25,5.41,5.4,11.75,413,8.02,,0.3302,0.889,73,2046,327,485,768,441,,,,,,,,,,,,,,,,,,,,
Washington Ave,2020.02.25,6.12,5.6,12.25,436.7,8.04,,0.3302,0.889,1722,2247,327,485,768,441,,,,,,,,,,,,,,,,,,,,
Kroger,2020.02.25,11.1275,5.9,11.79,456.8,8.06,,0.3302,0.889,1081,1664,327,485,768,441,,,,,,,,,,,,,,,,,,,,
Fulton,2020.02.25,369.25,5.8,11.89,455.1,8.07,,0.3302,0.889,1145,1989,327,485,768,441,,,,,,,,,,,,,,,,,,,,
Tunnel Green,2020.02.25,18.4425,5.7,11.25,452.7,8.07,,0.3302,0.889,1076,2603,327,485,768,441,,,,,,,,,,,,,,,,,,,,
Mouth,2020.02.25,17.95,5.5,12.08,456.3,8.03,,0.3302,0.889,1246,4352,327,485,768,441,,,,,,,,,,,,,,,,,,,,
Ranch Bar,2020.03.03,25.775,6.1,13.88,370.1,7.57,,1.0414,0.00254,,,355,531,862,507,,,,,,,,,,,,,,,,,,,,
Cricket Hollow,2020.03.03,40.8,6.3,13.04,360.5,7.66,,1.0414,0.00254,,,355,531,862,507,,,,,,,,,,,,,,,,,,,,
Grandstaff Run,2020.03.03,41.05,4.9,13.83,331.2,7.78,,1.0414,0.00254,,,355,531,862,507,,,,,,,,,,,,,,,,,,,,
Britt's Run,2020.03.03,71.475,7.1,11.97,293.5,7.75,,1.0414,0.00254,,,355,531,862,507,,,,,,,,,,,,,,,,,,,,
County Line Bridge,2020.03.03,38.25,6.6,13.01,283.2,7.83,,1.0414,0.00254,,,355,531,862,507,,,,,,,,,,,,,,,,,,,,
Elm Grove Park,2020.03.03,27.675,6.6,12.45,374.5,7.88,,1.0414,0.00254,,,355,531,862,507,,,,,,,,,,,,,,,,,,,,
Junior Ave,2020.03.03,33.075,6.6,12.26,384.8,7.88,,1.0414,0.00254,,,355,531,862,507,,,,,,,,,,,,,,,,,,,,
Washington Ave,2020.03.03,46.675,6.9,12.3,436.6,7.91,,1.0414,0.00254,,,355,531,862,507,,,,,,,,,,,,,,,,,,,,
Kroger,2020.03.03,49.95,6.9,12.3,436.6,7.91,,1.0414,0.00254,,,355,531,862,507,,,,,,,,,,,,,,,,,,,,
Fulton,2020.03.03,43.425,7.1,12.18,440.3,8,,1.0414,0.00254,,,355,531,862,507,,,,,,,,,,,,,,,,,,,,
Tunnel Green,2020.03.03,37.8,7,12.37,439.7,8.03,,1.0414,0.00254,,,355,531,862,507,,,,,,,,,,,,,,,,,,,,
Mouth,2020.03.03,35.675,6.6,12.68,453.3,8.01,,1.0414,0.00254,,,355,531,862,507,,,,,,,,,,,,,,,,,,,,
Ranch Bar,2020.03.17,12.35,6.9,12.87,320.4,7.53,,0.0508,2.286,52,359,377,543,919,542,,,,,,,,,,,,,,,,,,,,
Cricket Hollow,2020.03.17,12.6,6.9,12.98,317.3,7.54,,0.0508,2.286,109,480,377,543,919,542,,,,,,,,,,,,,,,,,,,,
Grandstaff Run,2020.03.17,13.675,6.9,12.86,316.6,7.65,,0.0508,2.286,41,428,377,543,919,542,,,,,,,,,,,,,,,,,,,,
Britt's Run,2020.03.17,17.625,6.9,12.33,323.3,7.73,,0.0508,2.286,74,644,377,543,919,542,,,,,,,,,,,,,,,,,,,,
County Line Bridge,2020.03.17,13.625,6.9,12.94,302.8,7.77,,0.0508,2.286,41,771,377,543,919,542,,,,,,,,,,,,,,,,,,,,
Elm Grove Park,2020.03.17,10.65,6.9,13.33,322,7.82,,0.0508,2.286,31,909,377,543,919,542,,,,,,,,,,,,,,,,,,,,
Junior Ave,2020.03.17,12.675,6.9,12.94,325.7,7.87,,0.0508,2.286,97,987,377,543,919,542,,,,,,,,,,,,,,,,,,,,
Washington Ave,2020.03.17,10.675,6.9,13.18,323.7,7.89,,0.0508,2.286,9208,9804,377,543,919,542,,,,,,,,,,,,,,,,,,,,
Kroger,2020.03.17,13.2,7,11.79,348.2,7.89,,0.0508,2.286,1189,2247,377,543,919,542,,,,,,,,,,,,,,,,,,,,
Fulton,2020.03.17,11.75,7,12.95,356.9,7.95,,0.0508,2.286,1664,3076,377,543,919,542,,,,,,,,,,,,,,,,,,,,
Tunnel Green,2020.03.17,12.1,7,13.14,356,7.93,,0.0508,2.286,355,1178,377,543,919,542,,,,,,,,,,,,,,,,,,,,
Mouth,2020.03.17,16.025,6.9,12.71,356.2,7.95,,0.0508,2.286,120,820,377,543,919,542,,,,,,,,,,,,,,,,,,,,
Ranch Bar,2020.03.24,18.55,8.1,12.63,339.4,7.34,5.89,,,,,806,1769,3930,3124,,,,,,,,,,,,,,,,,,,,
Cricket Hollow,2020.03.24,17.3,8.2,11.83,340.6,7.53,7.48,,,,,806,1769,3930,3124,,,,,,,,,,,,,,,,,,,,
Grandstaff Run,2020.03.24,16.3,8.4,12.32,290.2,7.68,5.79,,,,,806,1769,3930,3124,,,,,,,,,,,,,,,,,,,,
Britt's Run,2020.03.24,15.1,8.2,11.62,336.1,7.69,7.9,,,,,806,1769,3930,3124,,,,,,,,,,,,,,,,,,,,
County Line Bridge,2020.03.24,24.75,8.2,12.1,325,7.74,7.87,,,,,806,1769,3930,3124,,,,,,,,,,,,,,,,,,,,
Elm Grove Park,2020.03.24,18.775,8.3,12.07,345.8,7.78,8.15,,,,,806,1769,3930,3124,,,,,,,,,,,,,,,,,,,,
Junior Ave,2020.03.24,17.3,8.3,12.08,349.6,7.84,9.01,,,,,806,1769,3930,3124,,,,,,,,,,,,,,,,,,,,
Washington Ave,2020.03.24,18.85,8.2,12.21,350.2,7.83,10.66,,,,,806,1769,3930,3124,,,,,,,,,,,,,,,,,,,,
Kroger,2020.03.24,17.4,8.3,10.76,296.3,7.88,13.09,,,,,806,1769,3930,3124,,,,,,,,,,,,,,,,,,,,
Fulton,2020.03.24,16.85,8.2,12.21,367.9,7.86,11.24,,,,,806,1769,3930,3124,,,,,,,,,,,,,,,,,,,,
Tunnel Green,2020.03.24,17.725,8.2,11.73,369.3,7.88,12.33,,,,,806,1769,3930,3124,,,,,,,,,,,,,,,,,,,,
Mouth,2020.03.24,18.8425,8,12.99,368.7,7.84,11.86,,,,,806,1769,3930,3124,,,,,,,,,,,,,,,,,,,,
Ranch Bar,2020.03.31,7.91,10.9,10.61,338.4,8.49,2.13,,,171,228,574,1380,8160,7586,,,,,,,,,,,,,,,,,,,,
Cricket Hollow,2020.03.31,10.7,10.8,10.89,337.2,8.29,5.02,,,95,345,574,1380,8160,7586,,,,,,,,,,,,,,,,,,,,
Grandstaff Run,2020.03.31,8.1,10.8,10.51,331.9,8.36,5.07,,,121,1153,574,1380,8160,7586,,,,,,,,,,,,,,,,,,,,
Britt's Run,2020.03.31,8.445,9.5,4.7,313.2,8.13,7.27,,,86,1515,574,1380,8160,7586,,,,,,,,,,,,,,,,,,,,
County Line Bridge,2020.03.31,11.75,10.7,10.85,334.1,8.04,9.5,,,120,1935,574,1380,8160,7586,,,,,,,,,,,,,,,,,,,,
Elm Grove Park,2020.03.31,10.085,10.9,10.53,329,8.1,9.03,,,98,2187,574,1380,8160,7586,,,,,,,,,,,,,,,,,,,,
Junior Ave,2020.03.31,11.9,10.9,10.83,336.6,8.17,9.53,,,132,3076,574,1380,8160,7586,,,,,,,,,,,,,,,,,,,,
Washington Ave,2020.03.31,15.95,10.5,10.73,348.7,8.16,12.99,,,1565,3873,574,1380,8160,7586,,,,,,,,,,,,,,,,,,,,
Kroger,2020.03.31,11.8,10.6,9.63,363.1,8.16,16.44,,,1585,3448,574,1380,8160,7586,,,,,,,,,,,,,,,,,,,,
Fulton,2020.03.31,20.3,10.4,10.39,362.4,8.17,15.72,,,1019,4884,574,1380,8160,7586,,,,,,,,,,,,,,,,,,,,
Tunnel Green,2020.03.31,13.75,10.5,9.71,362.3,8.19,15.56,,,457,3654,574,1380,8160,7586,,,,,,,,,,,,,,,,,,,,
Mouth,2020.03.31,29.35,10.3,10.1,362,8.15,15.66,,,1223,4352,574,1380,8160,7586,,,,,,,,,,,,,,,,,,,,
Ranch Bar,2020.04.14,72.75,10.2,11.13,259.6,7.36,3.36,,,1296,12997,612,1449,2420,1808,,,,,,,,,,,,,,,,,,,,
Cricket Hollow,2020.04.14,60.55,10.2,10.8,261,7.47,4.44,,,960,17329,612,1449,2420,1808,,,,,,,,,,,,,,,,,,,,
Grandstaff Run,2020.04.14,29.85,10.1,11.2,260,7.58,4.31,,,910,17329,612,1449,2420,1808,,,,,,,,,,,,,,,,,,,,
Britt's Run,2020.04.14,57.675,10.4,10.87,263.4,7.66,5.1,,,1439,12997,612,1449,2420,1808,,,,,,,,,,,,,,,,,,,,
County Line Bridge,2020.04.14,64.075,10.5,10.8,251.4,7.73,5.82,,,1046,17329,612,1449,2420,1808,,,,,,,,,,,,,,,,,,,,
Elm Grove Park,2020.04.14,67,10.6,11.15,262.6,7.7,5.06,,,1145,15531,612,1449,2420,1808,,,,,,,,,,,,,,,,,,,,
Junior Ave,2020.04.14,66.75,10.6,10.96,263.9,7.74,5.19,,,1565,15531,612,1449,2420,1808,,,,,,,,,,,,,,,,,,,,
Washington Ave,2020.04.14,60.775,10.5,11.08,275.3,7.79,6.31,,,1014,12033,612,1449,2420,1808,,,,,,,,,,,,,,,,,,,,
Kroger,2020.04.14,63.85,10.4,11,275.9,7.81,6.64,,,1046,15531,612,1449,2420,1808,,,,,,,,,,,,,,,,,,,,
Fulton,2020.04.14,61.5,10.4,11,280.7,7.86,7.34,,,1081,14136,612,1449,2420,1808,,,,,,,,,,,,,,,,,,,,
Tunnel Green,2020.04.14,,,,,,,,,,,,,,0,,,,,,,,,,,,,,,,,,,,
Mouth,2020.04.14,62.55,10.3,10.9,280.6,7.88,7.96,,,1421,17329,612,1449,2420,1808,,,,,,,,,,,,,,,,,,,,
Ranch Bar,2020.04.28,29.125,11.8,9.61,258.2,7.5,6.7,0.1524,3.5866,410,6488,660,1128,2720,2060,,,,,,,,,,,,,,,,,,,,
Cricket Hollow,2020.04.28,25.1,11.9,9.43,263.4,7.5,6.22,0.1524,3.5866,414,3448,660,1128,2720,2060,,,,,,,,,,,,,,,,,,,,
Grandstaff Run,2020.04.28,23.25,12.2,10.52,246.2,7.78,5.93,0.1524,3.5866,529,6867,660,1128,2720,2060,,,,,,,,,,,,,,,,,,,,
Britt's Run,2020.04.28,29.225,11.9,9.7,256.9,7.63,6.78,0.1524,3.5866,538,5475,660,1128,2720,2060,,,,,,,,,,,,,,,,,,,,
County Line Bridge,2020.04.28,27.85,12.2,10.19,256.6,7.79,6.74,0.1524,3.5866,292,5794,660,1128,2720,2060,,,,,,,,,,,,,,,,,,,,
Elm Grove Park,2020.04.28,28.7,12.2,10.05,253.4,7.81,6.78,0.1524,3.5866,379,3873,660,1128,2720,2060,,,,,,,,,,,,,,,,,,,,
Junior Ave,2020.04.28,29.375,12.3,10.19,255.8,7.85,7.25,0.1524,3.5866,443,4611,660,1128,2720,2060,,,,,,,,,,,,,,,,,,,,
Washington Ave,2020.04.28,26.05,12.3,10.38,268.9,7.87,8.77,0.1524,3.5866,5475,10462,660,1128,2720,2060,,,,,,,,,,,,,,,,,,,,
Kroger,2020.04.28,28.5,12.2,10.36,269.2,7.87,8.67,0.1524,3.5866,328,6488,660,1128,2720,2060,,,,,,,,,,,,,,,,,,,,
Fulton,2020.04.28,30.925,12.3,10.39,275.7,7.87,8.72,0.1524,3.5866,404,3076,660,1128,2720,2060,,,,,,,,,,,,,,,,,,,,
Tunnel Green,2020.04.28,32.75,12.2,10.39,274.8,7.9,10.02,0.1524,3.5866,538,4106,660,1128,2720,2060,,,,,,,,,,,,,,,,,,,,
Mouth,2020.04.28,29.45,11.9,9.94,272.9,7.87,10.5,0.1524,3.5866,609,4884,660,1128,2720,2060,,,,,,,,,,,,,,,,,,,,
Ranch Bar,2020.05.05,10.69,13.3,9.87,335.3,7.69,6.48,0.3556,0.1778,,,931,1573,2600,1669,,,,,,,,,,,,,,,,,,,,
Cricket Hollow,2020.05.05,7.3275,13.1,10.11,330.2,7.83,5.54,0.3556,0.1778,,,931,1573,2600,1669,,,,,,,,,,,,,,,,,,,,
Grandstaff Run,2020.05.05,11.25,14,9.99,293.7,8.21,4.7,0.3556,0.1778,,,931,1573,2600,1669,,,,,,,,,,,,,,,,,,,,
Britt's Run,2020.05.05,18.45,13.3,10.87,327.5,8.27,7.35,0.3556,0.1778,,,931,1573,2600,1669,,,,,,,,,,,,,,,,,,,,
County Line Bridge,2020.05.05,7.895,13.2,10.82,327.9,8.37,8.68,0.3556,0.1778,,,931,1573,2600,1669,,,,,,,,,,,,,,,,,,,,
Elm Grove Park,2020.05.05,7.3275,13.4,10.97,327.3,8.43,8.51,0.3556,0.1778,,,931,1573,2600,1669,,,,,,,,,,,,,,,,,,,,
Junior Ave,2020.05.05,6.215,13.3,11.17,329.4,8.46,9.24,0.3556,0.1778,,,931,1573,2600,1669,,,,,,,,,,,,,,,,,,,,
Washington Ave,2020.05.05,6.415,12.9,11.35,340.8,8.44,10.53,0.3556,0.1778,,,931,1573,2600,1669,,,,,,,,,,,,,,,,,,,,
Kroger,2020.05.05,7.1725,12.9,10.5,349.4,8.46,13.37,0.3556,0.1778,,,931,1573,2600,1669,,,,,,,,,,,,,,,,,,,,
Fulton,2020.05.05,6.83,12.8,10.91,350.6,8.47,12.72,0.3556,0.1778,,,931,1573,2600,1669,,,,,,,,,,,,,,,,,,,,
Tunnel Green,2020.05.05,6.5925,12.7,9.87,353.1,8.45,14.84,0.3556,0.1778,,,931,1573,2600,1669,,,,,,,,,,,,,,,,,,,,
Mouth,2020.05.05,12.125,12.7,9.74,357.7,8.27,13.62,0.3556,0.1778,,,931,1573,2600,1669,,,,,,,,,,,,,,,,,,,,
Ranch Bar,2020.05.12,8.185,11.5,12.48,327.9,8.37,8.45,0,0,10,269,850,640,1210,360,,,,,,,,,,,,,,,,,,,,
Cricket Hollow,2020.05.12,7.395,11,13.67,328.8,8.41,11.4,0,0,10,301,850,640,1210,360,,,,,,,,,,,,,,,,,,,,
Grandstaff Run,2020.05.12,7.875,11.2,13.2,306.9,8.45,9.15,0,0,20,201,850,640,1210,360,,,,,,,,,,,,,,,,,,,,
Britt's Run,2020.05.12,8.525,11.4,13.35,326.9,8.54,13.36,0,0,9.5,1553,850,640,1210,360,,,,,,,,,,,,,,,,,,,,
County Line Bridge,2020.05.12,6.4875,11.7,13.06,329.6,8.56,17.32,0,0,20,369,850,640,1210,360,,,,,,,,,,,,,,,,,,,,
Elm Grove Park,2020.05.12,7.6625,11.8,13.53,329.6,8.56,17.32,0,0,9.5,496,850,640,1210,360,,,,,,,,,,,,,,,,,,,,
Junior Ave,2020.05.12,7.8025,11.8,13.53,323.2,8.61,13.06,0,0,10,836,850,640,1210,360,,,,,,,,,,,,,,,,,,,,
Washington Ave,2020.05.12,5.9325,11.9,13.29,339.9,8.72,18.03,0,0,134,609,850,640,1210,360,,,,,,,,,,,,,,,,,,,,
Kroger,2020.05.12,7.1125,11.7,12.47,343.9,8.77,21.06,0,0,20,565,850,640,1210,360,,,,,,,,,,,,,,,,,,,,
Fulton,2020.05.12,6.86,11.7,12.8,346.8,8.81,22.54,0,0,75,538,850,640,1210,360,,,,,,,,,,,,,,,,,,,,
Tunnel Green,2020.05.12,8.755,11.5,12.62,352.1,8.74,22.14,0,0,52,404,850,640,1210,360,,,,,,,,,,,,,,,,,,,,
Mouth,2020.05.12,12.225,10.7,11.86,357.5,8.54,19.89,0,0,31,613,850,640,1210,360,,,,,,,,,,,,,,,,,,,,
Ranch Bar,2020.05.19,14.4,19,7.73,436.4,8.04,8.58,1.5748,0.0254,108,1664,399,521,660,261,,,,,,,,,,,,,,,,,,,,
Cricket Hollow,2020.05.19,10.8,19,9.58,436.3,8.17,10.83,1.5748,0.0254,75,1553,399,521,660,261,,,,,,,,,,,,,,,,,,,,
Grandstaff Run,2020.05.19,9.305,19.1,9.94,371.4,8.35,7.06,1.5748,0.0254,63,908,399,521,660,261,,,,,,,,,,,,,,,,,,,,
Britt's Run,2020.05.19,9.015,18.9,9.74,418.1,8.39,12.34,1.5748,0.0254,63,1401,399,521,660,261,,,,,,,,,,,,,,,,,,,,
County Line Bridge,2020.05.19,8.24,19.8,9.72,417.8,8.49,12.79,1.5748,0.0254,145,2359,399,521,660,261,,,,,,,,,,,,,,,,,,,,
Elm Grove Park,2020.05.19,9.9,20.1,10.22,426.2,8.47,12.12,1.5748,0.0254,109,2187,399,521,660,261,,,,,,,,,,,,,,,,,,,,
Junior Ave,2020.05.19,8.155,20.1,10.68,428.6,8.52,13.14,1.5748,0.0254,135,2142,399,521,660,261,,,,,,,,,,,,,,,,,,,,
Washington Ave,2020.05.19,12.55,19.4,10.33,366.7,8.49,17,1.5748,0.0254,683,7701,399,521,660,261,,,,,,,,,,,,,,,,,,,,
Kroger,2020.05.19,16.8,19.4,8.63,458,8.45,20.37,1.5748,0.0254,776,14136,399,521,660,261,,,,,,,,,,,,,,,,,,,,
Fulton,2020.05.19,17.425,19.3,9.57,453.8,8.48,20.47,1.5748,0.0254,816,12997,399,521,660,261,,,,,,,,,,,,,,,,,,,,
Tunnel Green,2020.05.19,17.225,19.4,7.51,458.2,8.43,20.79,1.5748,0.0254,794,12033,399,521,660,261,,,,,,,,,,,,,,,,,,,,
Mouth,2020.05.19,36.425,19,7.31,449.1,8.27,19.96,1.5748,0.0254,1515,24196,399,521,660,261,,,,,,,,,,,,,,,,,,,,
Ranch Bar,2020.05.26,18.55,22.6,6.71,425.5,7.88,27,0,0.00254,86,3255,362,492,773,411,,,,,,,,,,,,,,,,,,,,
Cricket Hollow,2020.05.26,24.094,22.8,9.64,425.4,8.04,14.21,0,0.00254,31,1989,362,492,773,411,,,,,,,,,,,,,,,,,,,,
Grandstaff Run,2020.05.26,6.7675,23.8,8.08,412.9,8.1,13.3,0,0.00254,41,2700,362,492,773,411,,,,,,,,,,,,,,,,,,,,
Britt's Run,2020.05.26,9.62,24.4,8.27,418.7,8.18,15.2,0,0.00254,52,1935,362,492,773,411,,,,,,,,,,,,,,,,,,,,
County Line Bridge,2020.05.26,7.8325,25.1,9.72,416.1,8.38,14.98,0,0.00254,20,2310,362,492,773,411,,,,,,,,,,,,,,,,,,,,
Elm Grove Park,2020.05.26,7.46,25.2,9.6,417.3,8.31,13.85,0,0.00254,120,2603,362,492,773,411,,,,,,,,,,,,,,,,,,,,
Junior Ave,2020.05.26,7.5675,25.3,9.81,419.7,8.22,12.88,0,0.00254,97,2282,362,492,773,411,,,,,,,,,,,,,,,,,,,,
Washington Ave,2020.05.26,6.3225,25.6,8.94,441.3,8.19,7.76,0,0.00254,108,2851,362,492,773,411,,,,,,,,,,,,,,,,,,,,
Kroger,2020.05.26,9.795,25.4,8.74,442.5,8.22,17.99,0,0.00254,110,2495,362,492,773,411,,,,,,,,,,,,,,,,,,,,
Fulton,2020.05.26,7.3075,25.5,8.59,444.6,8.18,18.31,0,0.00254,122,2613,362,492,773,411,,,,,,,,,,,,,,,,,,,,
Tunnel Green,2020.05.26,8.7225,25.3,6.91,458.1,8.19,20.57,0,0.00254,2142,5794,362,492,773,411,,,,,,,,,,,,,,,,,,,,
Mouth,2020.05.26,14.95,23.7,7.31,459.7,8.18,19.37,0,0.00254,168,3654,362,492,773,411,,,,,,,,,,,,,,,,,,,,
Ranch Bar,2020.06.02,13.65,18.9,9.19,399.9,7.82,,0.0254,0.00254,31,4352,307,618,2090,1783,,,,,,,,,,,,,,,,,,,,
Cricket Hollow,2020.06.02,8.77,18,12.01,397.6,8.17,,0.0254,0.00254,41,3784,307,618,2090,1783,,,,,,,,,,,,,,,,,,,,
Grandstaff Run,2020.06.02,5.33,19.7,11.33,388.1,8.22,,0.0254,0.00254,31,7701,307,618,2090,1783,,,,,,,,,,,,,,,,,,,,
Britt's Run,2020.06.02,11.925,20.4,11.31,390.3,8.3,,0.0254,0.00254,41,4352,307,618,2090,1783,,,,,,,,,,,,,,,,,,,,
County Line Bridge,2020.06.02,20.675,21.2,11.81,387.7,8.49,,0.0254,0.00254,109,9208,307,618,2090,1783,,,,,,,,,,,,,,,,,,,,
Elm Grove Park,2020.06.02,11.25,21.4,11.33,388.3,8.48,,0.0254,0.00254,73,7701,307,618,2090,1783,,,,,,,,,,,,,,,,,,,,
Junior Ave,2020.06.02,9.3725,21.3,11.73,391.9,8.41,,0.0254,0.00254,20,8164,307,618,2090,1783,,,,,,,,,,,,,,,,,,,,
Washington Ave,2020.06.02,7.345,20.9,11.34,403.6,8.3,,0.0254,0.00254,1259,10462,307,618,2090,1783,,,,,,,,,,,,,,,,,,,,
Kroger,2020.06.02,9.2175,21.1,10.1,416.7,8.41,,0.0254,0.00254,683,10462,307,618,2090,1783,,,,,,,,,,,,,,,,,,,,
Fulton,2020.06.02,8.5875,21.2,10.99,421.7,8.3,,0.0254,0.00254,146,12997,307,618,2090,1783,,,,,,,,,,,,,,,,,,,,
Tunnel Green,2020.06.02,11.6,20.8,9.6,423.6,8.28,,0.0254,0.00254,173,12033,307,618,2090,1783,,,,,,,,,,,,,,,,,,,,
Mouth,2020.06.02,157,19.9,9.02,428.8,8.08,,0.0254,0.00254,238,9804,307,618,2090,1783,,,,,,,,,,,,,,,,,,,,
Ranch Bar,2020.06.09,11.1,22.9,9.17,462.1,,,0,1.9558,10,6488,217,336,547,330,,,,,,,,,,,,,,,,,,,,
Cricket Hollow,2020.06.09,8.825,23.7,10.03,438.2,,,0,1.9558,31,19863,217,336,547,330,,,,,,,,,,,,,,,,,,,,
Grandstaff Run,2020.06.09,5.055,24.1,9.34,448.5,,,0,1.9558,10,12033,217,336,547,330,,,,,,,,,,,,,,,,,,,,
Britt's Run,2020.06.09,9.445,24.7,9.45,463.5,,,0,1.9558,52,15531,217,336,547,330,,,,,,,,,,,,,,,,,,,,
County Line Bridge,2020.06.09,6.6125,25.5,10.1,453.3,,,0,1.9558,63,14136,217,336,547,330,,,,,,,,,,,,,,,,,,,,
Elm Grove Park,2020.06.09,7.7825,24.7,9.21,459.2,,,0,1.9558,134,15531,217,336,547,330,,,,,,,,,,,,,,,,,,,,
Junior Ave,2020.06.09,7.69,24.9,9.53,463.8,,,0,1.9558,85,9208,217,336,547,330,,,,,,,,,,,,,,,,,,,,
Washington Ave,2020.06.09,5.4725,25.2,10.85,475.7,,,0,1.9558,305,15531,217,336,547,330,,,,,,,,,,,,,,,,,,,,
Kroger,2020.06.09,10.01,24.6,9.32,482.7,,,0,1.9558,155,7701,217,336,547,330,,,,,,,,,,,,,,,,,,,,
Fulton,2020.06.09,8.085,24.6,8.41,488,,,0,1.9558,171,8164,217,336,547,330,,,,,,,,,,,,,,,,,,,,
Tunnel Green,2020.06.09,7.3225,24.4,10.03,491.7,,,0,1.9558,31,4352,217,336,547,330,,,,,,,,,,,,,,,,,,,,
Mouth,2020.06.09,51.85,22.8,7.44,490.6,,,0,1.9558,148,6867,217,336,547,330,,,,,,,,,,,,,,,,,,,,
Ranch Bar,2020.06.16,11.4,21.4,8.57,510,8.29,27.8,0,0.00254,52,4611,58,101,277,219,,,,,,,,,,,,,,,,,,,,
Cricket Hollow,2020.06.16,10.9375,21.8,8.71,505.4,8.31,29.1,0,0.00254,20,5794,58,101,277,219,,,,,,,,,,,,,,,,,,,,
Grandstaff Run,2020.06.16,7.69,21.9,9.23,475.8,8.39,26.17,0,0.00254,10,7270,58,101,277,219,,,,,,,,,,,,,,,,,,,,
Britt's Run,2020.06.16,8.39,22.3,8.46,480.7,8.4,26.28,0,0.00254,31,6867,58,101,277,219,,,,,,,,,,,,,,,,,,,,
County Line Bridge,2020.06.16,8.1225,24.1,9.71,494.6,8.39,23.4,0,0.00254,52,4611,58,101,277,219,,,,,,,,,,,,,,,,,,,,
Elm Grove Park,2020.06.16,8.7325,22.9,9.61,458.2,8.31,20.02,0,0.00254,97,7701,58,101,277,219,,,,,,,,,,,,,,,,,,,,
Junior Ave,2020.06.16,10.3575,23.2,9.95,500.5,8.41,24.83,0,0.00254,110,6867,58,101,277,219,,,,,,,,,,,,,,,,,,,,
Washington Ave,2020.06.16,7.415,24,11.19,511,8.55,33.18,0,0.00254,279,5172,58,101,277,219,,,,,,,,,,,,,,,,,,,,
Kroger,2020.06.16,23.25,22.6,8.83,521.5,8.52,36.47,0,0.00254,323,8164,58,101,277,219,,,,,,,,,,,,,,,,,,,,
Fulton,2020.06.16,7.675,22.2,9.53,529,8.48,33.21,0,0.00254,75,4106,58,101,277,219,,,,,,,,,,,,,,,,,,,,
Tunnel Green,2020.06.16,9.28,22.5,9.25,515.7,8.48,37.77,0,0.00254,120,5475,58,101,277,219,,,,,,,,,,,,,,,,,,,,
Mouth,2020.06.16,6.865,24.8,6.73,354.5,8.4,34.77,0,0.00254,41,1187,58,101,277,219,,,,,,,,,,,,,,,,,,,,
Ranch Bar,2020.06.30,10.03,23,9.12,562,8.34,30.75,0.1778,0.2286,85,7701,40,73,131,91,,,,,,,,,,,,,,,,,,,,
Cricket Hollow,2020.06.30,9.555,23.9,9.58,617,8.42,22.32,0.1778,0.2286,85,12997,40,73,131,91,,,,,,,,,,,,,,,,,,,,
Grandstaff Run,2020.06.30,5.335,23.5,7.75,431.6,8.23,14.09,0.1778,0.2286,109,8664,40,73,131,91,,,,,,,,,,,,,,,,,,,,
Britt's Run,2020.06.30,8.95,23.8,8.74,502.6,8.39,20.06,0.1778,0.2286,156,15531,40,73,131,91,,,,,,,,,,,,,,,,,,,,
County Line Bridge,2020.06.30,5.41,25.6,9.68,604,8.63,20.12,0.1778,0.2286,131,9804,40,73,131,91,,,,,,,,,,,,,,,,,,,,
Elm Grove Park,2020.06.30,5.22,23.9,7.51,499.4,8.34,18.41,0.1778,0.2286,292,12033,40,73,131,91,,,,,,,,,,,,,,,,,,,,
Junior Ave,2020.06.30,7.13,24.6,9.46,499.4,8.47,19.82,0.1778,0.2286,244,14540,40,73,131,91,,,,,,,,,,,,,,,,,,,,
Washington Ave,2020.06.30,6.205,25.2,9.69,503,8.49,20.62,0.1778,0.2286,320,14540,40,73,131,91,,,,,,,,,,,,,,,,,,,,
Kroger,2020.06.30,17.5,24.2,8.22,506.4,8.47,21.15,0.1778,0.2286,218,15402,40,73,131,91,,,,,,,,,,,,,,,,,,,,
Fulton,2020.06.30,5.07,24,8.73,570,8.44,21.58,0.1778,0.2286,336,10950,40,73,131,91,,,,,,,,,,,,,,,,,,,,
Tunnel Green,2020.06.30,5.78,24.3,7.92,520,8.32,21.56,0.1778,0.2286,220,13734,40,73,131,91,,,,,,,,,,,,,,,,,,,,
Mouth,2020.06.30,68.7,25.5,6.15,424.6,7.83,22.96,0.1778,0.2286,170,3446,40,73,131,91,,,,,,,,,,,,,,,,,,,,
Ranch Bar,2020.07.07,12.5,27.1,7.07,501,8.23,19.06,0.0254,0,41,24196,21,81,298,277,,,,,,,,,,,,,,,,,,,,
Cricket Hollow,2020.07.07,10.23,28.4,6.69,469.8,8.32,18.41,0.0254,0,10,24196,21,81,298,277,,,,,,,,,,,,,,,,,,,,
Grandstaff Run,2020.07.07,9.4625,26.9,7.38,470.9,8.28,17.35,0.0254,0,20,24196,21,81,298,277,,,,,,,,,,,,,,,,,,,,
Britt's Run,2020.07.07,7.26,27.2,6.57,470.9,8.31,16.87,0.0254,0,31,24196,21,81,298,277,,,,,,,,,,,,,,,,,,,,
County Line Bridge,2020.07.07,8.85,29.1,7.91,473,8.37,17.17,0.0254,0,52,19863,21,81,298,277,,,,,,,,,,,,,,,,,,,,
Elm Grove Park,2020.07.07,13.75,28.2,6.3,409,8.1,18.2,0.0254,0,303,24196,21,81,298,277,,,,,,,,,,,,,,,,,,,,
Junior Ave,2020.07.07,9.5275,27.2,8.37,509,8.33,22.48,0.0254,0,386,48392,21,81,298,277,,,,,,,,,,,,,,,,,,,,
Washington Ave,2020.07.07,4.625,29.4,8.98,525,8.48,23.77,0.0254,0,244,39726,21,81,298,277,,,,,,,,,,,,,,,,,,,,
Kroger,2020.07.07,23.45,28.3,7.82,522,8.46,23.9,0.0254,0,1552,24066,21,81,298,277,,,,,,,,,,,,,,,,,,,,
Fulton,2020.07.07,9.2425,28.1,8.5,537,8.46,25.4,0.0254,0,150,12262,21,81,298,277,,,,,,,,,,,,,,,,,,,,
Tunnel Green,2020.07.07,8.2425,28.7,7.64,548,8.32,25.46,0.0254,0,462,12262,21,81,298,277,,,,,,,,,,,,,,,,,,,,
Mouth,2020.07.07,11.7675,29.5,5.22,501,8.06,24.5,0.0254,0,242,9222,21,81,298,277,,,,,,,,,,,,,,,,,,,,
